{
  "externalReference": "b58b578a-021c-4189-96b6-0bd316de0708",
  "aircraft": "App E550",
  "aircraftObj": {
    "tailNumber": "App E550",
    "numberOfSeats": 9,
    "type": "E545",
    "model": "EMB-545 Legacy 450",
    "typeName": "Legacy 450",
    "homebase": null,
    "equipment": {
      "v110": true,
      "v230": false,
      "headsets": false,
      "tv": true,
      "cd_dvd": true,
      "wifi": true,
      "satPhone": true,
      "satTV": false,
      "entertainmentSystem": false,
      "lavatory": true,
      "enclosedLavatory": true,
      "coffeePot": true,
      "espresso": false,
      "iceBin": true,
      "microwaveOven": true,
      "warmingOven": false,
      "smokingAllowed": false,
      "petsAllowed": true,
      "baggageVolume": 4.2475,
      "maxWeight": 453.0,
      "standardSuitcases": null,
      "skiTube": false,
      "golfBags": true
    },
    "wingSpan": 20.244,
    "maxFuel": 0.0,
    "externalLength": 19.685,
    "externalHeight": 6.477,
    "cabinHeight": 1.829,
    "cabinLength": 7.315,
    "cabinWidth": 2.083,
    "category": "SUPER_MIDSIZE_JET",
    "keyAccountManager": null,
    "flightNumberToken": "",
    "subcharter": null,
    "cargo": true,
    "ambulance": false,
    "id": 6560,
    "aircraftName": "Legacy 450",
    "aocNumber": null,
    "status": "ACTIVE",
    "manufacturingDate": 2019,
    "refurbishedInt": null,
    "refurbished": null,
    "cabinCrew": 0,
    "bedsN": null,
    "beltedToilet": null,
    "ownersApprovalRequired": false
  },
  "legs": [
    {
      "id": "13235390",
      "departureAirport": "CYBW",
      "arrivalAirport": "KMSO",
      "arrivalDate": "2025-12-23T15:32",
      "arrivalDateUTC": "2025-12-23T22:32",
      "departureDate": "2025-12-23T14:30",
      "departureDateUTC": "2025-12-23T21:30",
      "pax": 5,
      "workflow": "PRIVATE",
      "departureAirportObj": {
        "icao": "CYBW",
        "iata": null,
        "name": "Calgary Springbank",
        "faa": null,
        "localIdentifier": null,
        "aid": "APT-TEZI-BCNK",
        "id": 14049
      },
      "arrivalAirportObj": {
        "icao": "KMSO",
        "iata": "MSO",
        "name": "Missoula Montana",
        "faa": "MSO",
        "localIdentifier": "MSO",
        "aid": "APT-JKR9-DZL1",
        "id": 18770
      },
      "workflowCustomName": "App Booking",
      "warnings": [
        {
          "type": "OPERATIONAL_NOTE"
        },
        {
          "type": "OPERATIONAL_NOTE"
        },
        {
          "type": "OPERATIONAL_NOTE_ALERT"
        },
        {
          "type": "OPERATIONAL_NOTE"
        },
        {
          "type": "OPERATIONAL_NOTE"
        },
        {
          "type": "OPERATIONAL_NOTE_ALERT"
        },
        {
          "type": "OPERATIONAL_NOTE"
        },
        {
          "type": "OPERATIONAL_NOTE"
        }
      ],
      "flightTime": 50,
      "blockTime": 62,
      "crew": [],
      "aircraft": "App E550",
      "distance": 252.0,
      "postFlightClosed": false,
      "status": "OK"
    }
  ],
  "customer": {
    "account": {
      "name": "LINDA by Lisa",
      "accountid": 105956,
      "accountNumber": "105956",
      "links": []
    },
    "links": []
  },
  "comment": "Passengers: Taylor Swift, Elizabeth Carey, Travis Kelce, Sam Smith, Jennifer Lopez\n\nGround Transportation:\n  - Leg 1: No\n\nCatering:\n  - Leg 1: No",
  "price": {
    "charterCost": 0.0,
    "gross": 8030.0,
    "net": 8030.0,
    "vat": 0.0,
    "fet": 0.0,
    "tax": 0.0,
    "vatPerc": 0.0,
    "currency": "CAD",
    "exchangeRate": 1
  },
  "status": "W",
  "bookingIdentifier": "IDUJO",
  "bookingid": 3641713,
  "workflow": "PRIVATE",
  "workflowCustomName": "App Booking",
  "origin": "WEB",
  "salesPerson": {
    "internalId": 395553,
    "firstName": "Carole",
    "lastName": "Erlam",
    "logName": "cerlam@airsprint.com",
    "acronym": "cme",
    "salutation": "Ms",
    "gender": "FEMALE",
    "birthDate": "1969-02-14",
    "birthPlace": "Bathurst",
    "status": "ACTIVE",
    "personnelNumber": "705",
    "weight": 65.7709,
    "links": []
  },
  "createdDate": 1764268543076,
  "postFlightClosed": false,
  "links": []
}