{
  "externalReference": "f2a5df61-d5dc-4678-a71d-ac4b03a4736f",
  "aircraft": "Add CJ3+ West",
  "aircraftObj": {
    "tailNumber": "Add CJ3+ West",
    "numberOfSeats": 7,
    "type": "C25B",
    "model": "Citation CJ3",
    "typeName": "Citation CJ3+",
    "homebase": null,
    "equipment": {
      "v110": true,
      "v230": false,
      "headsets": false,
      "tv": false,
      "cd_dvd": false,
      "wifi": true,
      "satPhone": true,
      "satTV": false,
      "entertainmentSystem": false,
      "lavatory": true,
      "enclosedLavatory": true,
      "coffeePot": true,
      "espresso": false,
      "iceBin": true,
      "microwaveOven": false,
      "warmingOven": false,
      "smokingAllowed": false,
      "petsAllowed": true,
      "baggageVolume": 1.8406,
      "maxWeight": 408.0,
      "standardSuitcases": null,
      "skiTube": true,
      "golfBags": true
    },
    "wingSpan": 16.256,
    "maxFuel": 0.0,
    "externalLength": 15.596,
    "externalHeight": 4.623,
    "cabinHeight": 1.397,
    "cabinLength": 4.724,
    "cabinWidth": 1.422,
    "category": "LIGHT_JET",
    "keyAccountManager": null,
    "flightNumberToken": "",
    "subcharter": null,
    "cargo": true,
    "ambulance": null,
    "id": 6293,
    "aircraftName": "Citation CJ3+",
    "aocNumber": null,
    "status": "ACTIVE",
    "manufacturingDate": 2020,
    "refurbishedInt": null,
    "refurbished": null,
    "cabinCrew": 0,
    "bedsN": null,
    "beltedToilet": true,
    "ownersApprovalRequired": false
  },
  "legs": [
    {
      "id": "13235329",
      "departureAirport": "CYYC",
      "arrivalAirport": "KLAX",
      "arrivalDate": "2025-12-11T13:45",
      "arrivalDateUTC": "2025-12-11T21:45",
      "departureDate": "2025-12-11T11:30",
      "departureDateUTC": "2025-12-11T18:30",
      "pax": 3,
      "workflow": "PRIVATE",
      "departureAirportObj": {
        "icao": "CYYC",
        "iata": "YYC",
        "name": "Calgary International",
        "faa": null,
        "localIdentifier": null,
        "aid": "APT-4MPB-X5XC",
        "id": 14342
      },
      "arrivalAirportObj": {
        "icao": "KLAX",
        "iata": "LAX",
        "name": "Los Angeles International",
        "faa": "LAX",
        "localIdentifier": "LAX",
        "aid": "APT-2K2B-WML5",
        "id": 18508
      },
      "workflowCustomName": "FEX Shared",
      "warnings": [
        {
          "type": "SCHEDULE_OVERLAP"
        },
        {
          "type": "OPERATIONAL_NOTE_ALERT"
        },
        {
          "type": "OPERATIONAL_NOTE_ALERT"
        },
        {
          "type": "OPERATIONAL_NOTE"
        },
        {
          "type": "OPERATIONAL_NOTE"
        },
        {
          "type": "OPERATIONAL_NOTE"
        },
        {
          "type": "OPERATIONAL_NOTE"
        },
        {
          "type": "OPERATIONAL_NOTE"
        },
        {
          "type": "OPERATIONAL_NOTE_ALERT"
        },
        {
          "type": "OPERATIONAL_NOTE"
        },
        {
          "type": "OPERATIONAL_NOTE"
        },
        {
          "type": "OPERATIONAL_NOTE"
        },
        {
          "type": "OPERATIONAL_NOTE"
        },
        {
          "type": "OPERATIONAL_NOTE"
        },
        {
          "type": "OPERATIONAL_NOTE"
        },
        {
          "type": "OPERATIONAL_NOTE"
        },
        {
          "type": "OPERATIONAL_NOTE"
        },
        {
          "type": "OPERATIONAL_NOTE"
        }
      ],
      "flightTime": 183,
      "blockTime": 195,
      "flightInfo": {
        "dossierNumber": null,
        "referenceNumber": null,
        "flightType": null,
        "flightId": 1043400,
        "fplType": "G"
      },
      "crew": [],
      "aircraft": "Add CJ3+ West",
      "distance": 1049.0,
      "postFlightClosed": false,
      "status": "OK"
    }
  ],
  "customer": {
    "internalId": 422751,
    "firstName": "Kimberley",
    "lastName": "Atkinson",
    "logName": "katkinson@airsprint.com",
    "salutation": "Mrs",
    "account": {
      "name": "LINDA by Lisa",
      "accountid": 105956,
      "accountNumber": "105956",
      "links": []
    },
    "gender": "FEMALE",
    "birthDate": "1986-07-11",
    "birthPlace": "Edmunston",
    "status": "ACTIVE",
    "personnelNumber": "732",
    "links": []
  },
  "comment": "Passengers: James Elian, Holly Elian, Marcia Simon\n\nGround Transportation:\n  - Leg 1: No\n\nCatering:\n  - Leg 1: No",
  "price": {
    "charterCost": 0.0,
    "gross": 11220.0,
    "net": 11220.0,
    "vat": 0.0,
    "fet": 0.0,
    "tax": 0.0,
    "vatPerc": 0.0,
    "currency": "CAD",
    "exchangeRate": 1
  },
  "status": "B",
  "bookingIdentifier": "PUAPJ",
  "bookingid": 3641697,
  "workflow": "PRIVATE",
  "workflowCustomName": "FEX Shared",
  "origin": "WEB",
  "salesPerson": {
    "internalId": 395553,
    "firstName": "Carole",
    "lastName": "Erlam",
    "logName": "cerlam@airsprint.com",
    "acronym": "cme",
    "salutation": "Ms",
    "gender": "FEMALE",
    "birthDate": "1969-02-14",
    "birthPlace": "Bathurst",
    "status": "ACTIVE",
    "personnelNumber": "705",
    "weight": 65.7709,
    "links": []
  },
  "createdDate": 1764180888996,
  "bookingDateUTC": "2025-11-26T18:20",
  "postFlightClosed": false,
  "links": []
}