{
  "externalReference": "71340f05-b06a-4426-b41c-4841cafb18cb",
  "aircraft": "App CJ3+",
  "aircraftObj": {
    "tailNumber": "App CJ3+",
    "numberOfSeats": 7,
    "type": "C25A",
    "model": "Citation CJ2",
    "typeName": "Citation CJ3+",
    "homebase": null,
    "equipment": null,
    "wingSpan": 15.138,
    "maxFuel": 0.0,
    "externalLength": 14.529,
    "externalHeight": 4.267,
    "cabinHeight": 1.499,
    "cabinLength": 4.14,
    "cabinWidth": 1.422,
    "category": "LIGHT_JET",
    "keyAccountManager": null,
    "flightNumberToken": "",
    "subcharter": null,
    "cargo": null,
    "ambulance": null,
    "id": 7393,
    "aircraftName": "Citation CJ3+",
    "aocNumber": null,
    "status": "ACTIVE",
    "manufacturingDate": 2015,
    "refurbishedInt": null,
    "refurbished": null,
    "cabinCrew": 0,
    "bedsN": null,
    "beltedToilet": true,
    "ownersApprovalRequired": false
  },
  "legs": [
    {
      "id": "13235159",
      "departureAirport": "CYEG",
      "arrivalAirport": "CYXU",
      "arrivalDate": "2025-12-08T19:30",
      "arrivalDateUTC": "2025-12-09T00:30",
      "departureDate": "2025-12-08T13:15",
      "departureDateUTC": "2025-12-08T20:15",
      "pax": 3,
      "workflow": "PRIVATE",
      "departureAirportObj": {
        "icao": "CYEG",
        "iata": "YEG",
        "name": "Edmonton International",
        "faa": null,
        "localIdentifier": null,
        "aid": "APT-PXYJ-NWE3",
        "id": 14083
      },
      "arrivalAirportObj": {
        "icao": "CYXU",
        "iata": "YXU",
        "name": "London International",
        "faa": null,
        "localIdentifier": null,
        "aid": "APT-62OR-REYR",
        "id": 14337
      },
      "workflowCustomName": "App Booking",
      "warnings": [
        {
          "type": "OPERATIONAL_NOTE"
        },
        {
          "type": "OPERATIONAL_NOTE"
        },
        {
          "type": "OPERATIONAL_NOTE"
        },
        {
          "type": "OPERATIONAL_NOTE"
        },
        {
          "type": "OPERATIONAL_NOTE"
        },
        {
          "type": "OPERATIONAL_NOTE"
        },
        {
          "type": "OPERATIONAL_NOTE"
        },
        {
          "type": "OPERATIONAL_NOTE"
        }
      ],
      "flightTime": 243,
      "blockTime": 255,
      "crew": [],
      "aircraft": "App CJ3+",
      "distance": 1421.0,
      "postFlightClosed": false,
      "status": "OK"
    }
  ],
  "customer": {
    "internalId": 821944,
    "firstName": "Mariya",
    "lastName": "Besadina",
    "logName": "motiv@airsprint.com",
    "salutation": "unDef",
    "account": {
      "name": "MOTIV Digital",
      "accountid": 162568,
      "notes": "TEST ACCOUNT FOR NEW OWNER APP",
      "accountNumber": "162568",
      "links": []
    },
    "gender": "FEMALE",
    "status": "ACTIVE",
    "links": []
  },
  "comment": "Passengers: Megan Webb, Mariya Besadina, Jem Herrera\n\nGround Transportation:\n  - Leg 1: No\n\nCatering:\n  - Leg 1: Cake\n\nLeg Notes:\n  - Leg 1: Tea",
  "price": {
    "charterCost": 0.0,
    "gross": 12200.0,
    "net": 12200.0,
    "vat": 0.0,
    "fet": 0.0,
    "tax": 0.0,
    "vatPerc": 0.0,
    "currency": "CAD",
    "exchangeRate": 1
  },
  "status": "W",
  "bookingIdentifier": "XOAFJ",
  "bookingid": 3641632,
  "workflow": "PRIVATE",
  "workflowCustomName": "App Booking",
  "origin": "WEB",
  "salesPerson": {
    "internalId": 422751,
    "firstName": "Kimberley",
    "lastName": "Atkinson",
    "logName": "katkinson@airsprint.com",
    "salutation": "Mrs",
    "gender": "FEMALE",
    "birthDate": "1986-07-11",
    "birthPlace": "Edmunston",
    "status": "ACTIVE",
    "personnelNumber": "732",
    "links": []
  },
  "createdDate": 1763847592001,
  "postFlightClosed": false,
  "links": []
}