{
  "aircraft": "Add EMB West",
  "aircraftObj": {
    "tailNumber": "Add EMB West",
    "numberOfSeats": 9,
    "type": "E545",
    "model": "EMB-545 Legacy 450",
    "typeName": "Embraer",
    "homebase": null,
    "equipment": {
      "v110": true,
      "v230": false,
      "headsets": false,
      "tv": true,
      "cd_dvd": true,
      "wifi": true,
      "satPhone": true,
      "satTV": false,
      "entertainmentSystem": false,
      "lavatory": true,
      "enclosedLavatory": true,
      "coffeePot": true,
      "espresso": false,
      "iceBin": true,
      "microwaveOven": true,
      "warmingOven": false,
      "smokingAllowed": false,
      "petsAllowed": true,
      "baggageVolume": 4.2475,
      "maxWeight": 453.0,
      "standardSuitcases": null,
      "skiTube": false,
      "golfBags": true
    },
    "wingSpan": 20.244,
    "maxFuel": 0.0,
    "externalLength": 19.685,
    "externalHeight": 6.477,
    "cabinHeight": 1.829,
    "cabinLength": 7.315,
    "cabinWidth": 2.083,
    "category": "SUPER_MIDSIZE_JET",
    "keyAccountManager": null,
    "flightNumberToken": "",
    "subcharter": null,
    "cargo": true,
    "ambulance": false,
    "id": 6290,
    "aircraftName": "Embraer",
    "aocNumber": null,
    "status": "ACTIVE",
    "manufacturingDate": 2019,
    "refurbishedInt": null,
    "refurbished": null,
    "cabinCrew": 0,
    "bedsN": null,
    "beltedToilet": null,
    "ownersApprovalRequired": false
  },
  "legs": [
    {
      "id": "13235438",
      "departureAirport": "KLAX",
      "arrivalAirport": "KPSP",
      "arrivalDate": "2025-12-01T12:40",
      "arrivalDateUTC": "2025-12-01T20:40",
      "departureDate": "2025-12-01T12:00",
      "departureDateUTC": "2025-12-01T20:00",
      "pax": 1,
      "workflow": "PRIVATE",
      "departureAirportObj": {
        "icao": "KLAX",
        "iata": "LAX",
        "name": "Los Angeles International",
        "faa": "LAX",
        "localIdentifier": "LAX",
        "aid": "APT-2K2B-WML5",
        "id": 18508
      },
      "arrivalAirportObj": {
        "icao": "KPSP",
        "iata": "PSP",
        "name": "Palm Springs International",
        "faa": "PSP",
        "localIdentifier": "PSP",
        "aid": "APT-DM0P-ZTPP",
        "id": 19085
      },
      "workflowCustomName": "FEX Guaranteed",
      "warnings": [],
      "flightTime": 0,
      "blockTime": 40,
      "crew": [],
      "aircraft": "Add EMB West",
      "distance": 95.0,
      "postFlightClosed": false,
      "status": "CANCELED",
      "flightNumber": ""
    },
    {
      "id": "13235439",
      "departureAirport": "KPSP",
      "arrivalAirport": "CYYC",
      "arrivalDate": "2025-12-02T17:26",
      "arrivalDateUTC": "2025-12-03T00:26",
      "departureDate": "2025-12-02T13:30",
      "departureDateUTC": "2025-12-02T21:30",
      "pax": 1,
      "workflow": "PRIVATE",
      "departureAirportObj": {
        "icao": "KPSP",
        "iata": "PSP",
        "name": "Palm Springs International",
        "faa": "PSP",
        "localIdentifier": "PSP",
        "aid": "APT-DM0P-ZTPP",
        "id": 19085
      },
      "arrivalAirportObj": {
        "icao": "CYYC",
        "iata": "YYC",
        "name": "Calgary International",
        "faa": null,
        "localIdentifier": null,
        "aid": "APT-4MPB-X5XC",
        "id": 14342
      },
      "workflowCustomName": "FEX Guaranteed",
      "warnings": [
        {
          "type": "OPERATIONAL_NOTE"
        },
        {
          "type": "OPERATIONAL_NOTE"
        },
        {
          "type": "OPERATIONAL_NOTE"
        },
        {
          "type": "OPERATIONAL_NOTE_ALERT"
        },
        {
          "type": "OPERATIONAL_NOTE"
        },
        {
          "type": "SCHEDULE_OVERLAP"
        },
        {
          "type": "OPERATIONAL_NOTE"
        },
        {
          "type": "OPERATIONAL_NOTE"
        },
        {
          "type": "OPERATIONAL_NOTE_ALERT"
        },
        {
          "type": "SCHEDULE_OVERLAP"
        },
        {
          "type": "OPERATIONAL_NOTE"
        },
        {
          "type": "OPERATIONAL_NOTE"
        },
        {
          "type": "OPERATIONAL_NOTE"
        },
        {
          "type": "OPERATIONAL_NOTE_ALERT"
        },
        {
          "type": "OPERATIONAL_NOTE"
        },
        {
          "type": "OPERATIONAL_NOTE_ALERT"
        },
        {
          "type": "OPERATIONAL_NOTE"
        },
        {
          "type": "OPERATIONAL_NOTE"
        },
        {
          "type": "OPERATIONAL_NOTE"
        },
        {
          "type": "OPERATIONAL_NOTE"
        },
        {
          "type": "OPERATIONAL_NOTE"
        }
      ],
      "flightTime": 164,
      "blockTime": 176,
      "flightInfo": {
        "dossierNumber": null,
        "referenceNumber": null,
        "flightType": null,
        "flightId": 1043435,
        "fplType": "G"
      },
      "crew": [],
      "aircraft": "Add EMB West",
      "distance": 1044.0,
      "postFlightClosed": false,
      "status": "OK"
    },
    {
      "id": "13235440",
      "departureAirport": "CYYC",
      "arrivalAirport": "CYEG",
      "arrivalDate": "2025-12-04T19:00",
      "arrivalDateUTC": "2025-12-05T02:00",
      "departureDate": "2025-12-04T18:15",
      "departureDateUTC": "2025-12-05T01:15",
      "pax": 1,
      "workflow": "PRIVATE",
      "departureAirportObj": {
        "icao": "CYYC",
        "iata": "YYC",
        "name": "Calgary International",
        "faa": null,
        "localIdentifier": null,
        "aid": "APT-4MPB-X5XC",
        "id": 14342
      },
      "arrivalAirportObj": {
        "icao": "CYEG",
        "iata": "YEG",
        "name": "Edmonton International",
        "faa": null,
        "localIdentifier": null,
        "aid": "APT-PXYJ-NWE3",
        "id": 14083
      },
      "workflowCustomName": "FEX Guaranteed",
      "warnings": [],
      "flightTime": 0,
      "blockTime": 45,
      "crew": [],
      "aircraft": "Add EMB West",
      "distance": 132.0,
      "postFlightClosed": false,
      "status": "CANCELED",
      "flightNumber": ""
    }
  ],
  "customer": {
    "internalId": 422751,
    "firstName": "Kimberley",
    "lastName": "Atkinson",
    "logName": "katkinson@airsprint.com",
    "salutation": "Mrs",
    "account": {
      "name": "JimJets",
      "phone": "+4700026058",
      "mobile": "+4937917804",
      "address": {
        "type": "HOME",
        "street": "Montoyastraße",
        "city": "Port Emilyburgh",
        "zip": "36684",
        "country": "CA",
        "latitude": 0.0,
        "longitude": 0.0,
        "state": "AB",
        "links": []
      },
      "vatNumber": "987654321",
      "accountid": 102244,
      "notes": "Does this appear in the API? Or the DataLake?",
      "accountNumber": "102244",
      "links": []
    },
    "gender": "FEMALE",
    "birthDate": "1986-07-11",
    "birthPlace": "Edmunston",
    "status": "ACTIVE",
    "personnelNumber": "732",
    "links": []
  },
  "comment": "Passengers: Kimberley Atkinson\n\nGround Transportation:\n  - Leg 1: No\n  - Leg 2: No\n  - Leg 3: No\n\nCatering:\n  - Leg 1: No\n  - Leg 2: No\n  - Leg 3: No",
  "price": {
    "charterCost": 0.0,
    "gross": 22780.0,
    "net": 22780.0,
    "vat": 0.0,
    "fet": 0.0,
    "tax": 0.0,
    "vatPerc": 0,
    "currency": "CAD",
    "exchangeRate": 1
  },
  "status": "B",
  "bookingIdentifier": "YATOZ1",
  "bookingid": 3641739,
  "rootBookingid": 3641737,
  "workflow": "PRIVATE",
  "workflowCustomName": "FEX Guaranteed",
  "origin": "WEB",
  "salesPerson": {
    "internalId": 422751,
    "firstName": "Kimberley",
    "lastName": "Atkinson",
    "logName": "katkinson@airsprint.com",
    "salutation": "Mrs",
    "gender": "FEMALE",
    "birthDate": "1986-07-11",
    "birthPlace": "Edmunston",
    "status": "ACTIVE",
    "personnelNumber": "732",
    "links": []
  },
  "createdDate": 1764357610244,
  "bookingDateUTC": "2025-11-28T19:22",
  "postFlightClosed": false,
  "links": []
}