{
  "externalReference": "a95bb095-905a-44b8-8974-facc9d7b11e3",
  "aircraft": "App CJ3+",
  "aircraftObj": {
    "tailNumber": "App CJ3+",
    "numberOfSeats": 7,
    "type": "C25A",
    "model": "Citation CJ2",
    "typeName": "Citation CJ3+",
    "homebase": null,
    "equipment": null,
    "wingSpan": 15.138,
    "maxFuel": 0.0,
    "externalLength": 14.529,
    "externalHeight": 4.267,
    "cabinHeight": 1.499,
    "cabinLength": 4.14,
    "cabinWidth": 1.422,
    "category": "LIGHT_JET",
    "keyAccountManager": null,
    "flightNumberToken": "",
    "subcharter": null,
    "cargo": null,
    "ambulance": null,
    "id": 7393,
    "aircraftName": "Citation CJ3+",
    "aocNumber": null,
    "status": "ACTIVE",
    "manufacturingDate": 2015,
    "refurbishedInt": null,
    "refurbished": null,
    "cabinCrew": 0,
    "bedsN": null,
    "beltedToilet": true,
    "ownersApprovalRequired": false
  },
  "legs": [
    {
      "id": "13235166",
      "departureAirport": "KOSU",
      "arrivalAirport": "CYXE",
      "arrivalDate": "2025-11-24T14:42",
      "arrivalDateUTC": "2025-11-24T20:42",
      "departureDate": "2025-11-24T12:00",
      "departureDateUTC": "2025-11-24T17:00",
      "pax": 3,
      "workflow": "PRIVATE",
      "departureAirportObj": {
        "icao": "KOSU",
        "iata": "OSU",
        "name": "Ohio State University",
        "faa": "OSU",
        "localIdentifier": "OSU",
        "aid": "APT-TB9D-4EUQ",
        "id": 18956
      },
      "arrivalAirportObj": {
        "icao": "CYXE",
        "iata": "YXE",
        "name": "Saskatoon John G. Diefenbaker International",
        "faa": null,
        "localIdentifier": null,
        "aid": "APT-N6IR-M141",
        "id": 14326
      },
      "workflowCustomName": "FEX Priority Guaranteed",
      "warnings": [
        {
          "type": "OPERATIONAL_NOTE"
        },
        {
          "type": "OPERATIONAL_NOTE"
        },
        {
          "type": "OPERATIONAL_NOTE"
        },
        {
          "type": "OPERATIONAL_NOTE"
        },
        {
          "type": "OPERATIONAL_NOTE"
        },
        {
          "type": "OPERATIONAL_NOTE"
        }
      ],
      "flightTime": 210,
      "blockTime": 222,
      "flightInfo": {
        "dossierNumber": null,
        "referenceNumber": null,
        "flightType": null,
        "flightId": 1043340,
        "fplType": "G"
      },
      "crew": [],
      "aircraft": "App CJ3+",
      "distance": 1213.0,
      "postFlightClosed": false,
      "status": "OK"
    }
  ],
  "customer": {
    "internalId": 945422,
    "firstName": "V",
    "lastName": "M",
    "account": {
      "name": "MOTIV Digital",
      "accountid": 162568,
      "notes": "TEST ACCOUNT FOR NEW OWNER APP",
      "accountNumber": "162568",
      "links": []
    },
    "status": "ACTIVE",
    "weight": 0.0,
    "links": []
  },
  "comment": "Passengers: Lynette Lewis, Jem Herrera, James Ding\n\nPets: Candy\n\nGround Transportation:\n  - Leg 1: Yes, Type: BOTH | Departure — Method: SEDAN_AND_DRIVER; Pickup: Hotel Eurostars Madrid Tower, Madrid, MD, 28046 | Arrival — Method: SUV_RENTAL_CAR\n\nCatering:\n  - Leg 1: popcorn\n\nLeg Notes:\n  - Leg 1: extra plants",
  "price": {
    "charterCost": 0.0,
    "gross": 12780.0,
    "net": 12780.0,
    "vat": 0.0,
    "fet": 0.0,
    "tax": 0.0,
    "vatPerc": 0.0,
    "currency": "CAD",
    "exchangeRate": 1
  },
  "status": "B",
  "bookingIdentifier": "APEVO",
  "bookingid": 3641635,
  "workflow": "PRIVATE",
  "workflowCustomName": "FEX Priority Guaranteed",
  "origin": "WEB",
  "salesPerson": {
    "internalId": 422751,
    "firstName": "Kimberley",
    "lastName": "Atkinson",
    "logName": "katkinson@airsprint.com",
    "salutation": "Mrs",
    "gender": "FEMALE",
    "birthDate": "1986-07-11",
    "birthPlace": "Edmunston",
    "status": "ACTIVE",
    "personnelNumber": "732",
    "links": []
  },
  "createdDate": 1763851551722,
  "bookingDateUTC": "2025-11-22T22:55",
  "postFlightClosed": false,
  "links": []
}