{
  "externalReference": "0fc84d0a-8e30-47a6-910a-de57de4598b6",
  "aircraft": "App CJ3+",
  "aircraftObj": {
    "tailNumber": "App CJ3+",
    "numberOfSeats": 7,
    "type": "C25A",
    "model": "Citation CJ2",
    "typeName": "Citation CJ3+",
    "homebase": null,
    "equipment": null,
    "wingSpan": 15.138,
    "maxFuel": 0.0,
    "externalLength": 14.529,
    "externalHeight": 4.267,
    "cabinHeight": 1.499,
    "cabinLength": 4.14,
    "cabinWidth": 1.422,
    "category": "LIGHT_JET",
    "keyAccountManager": null,
    "flightNumberToken": "",
    "subcharter": null,
    "cargo": null,
    "ambulance": null,
    "id": 7393,
    "aircraftName": "Citation CJ3+",
    "aocNumber": null,
    "status": "ACTIVE",
    "manufacturingDate": 2015,
    "refurbishedInt": null,
    "refurbished": null,
    "cabinCrew": 0,
    "bedsN": null,
    "beltedToilet": true,
    "ownersApprovalRequired": false
  },
  "legs": [
    {
      "id": "13235204",
      "departureAirport": "KDFW",
      "arrivalAirport": "CYQF",
      "arrivalDate": "2025-11-27T15:07",
      "arrivalDateUTC": "2025-11-27T22:07",
      "departureDate": "2025-11-27T12:00",
      "departureDateUTC": "2025-11-27T18:00",
      "pax": 2,
      "workflow": "PRIVATE",
      "departureAirportObj": {
        "icao": "KDFW",
        "iata": "DFW",
        "name": "Dallas-Fort Worth International",
        "faa": "DFW",
        "localIdentifier": "DFW",
        "aid": "APT-OPOH-XB8Y",
        "id": 17843
      },
      "arrivalAirportObj": {
        "icao": "CYQF",
        "iata": "YQF",
        "name": "Red Deer Regional",
        "faa": null,
        "localIdentifier": null,
        "aid": "APT-I044-M0WJ",
        "id": 14235
      },
      "workflowCustomName": "App Booking",
      "warnings": [
        {
          "type": "OPERATIONAL_NOTE"
        },
        {
          "type": "OPERATIONAL_NOTE_ALERT"
        },
        {
          "type": "OPERATIONAL_NOTE"
        },
        {
          "type": "OPERATIONAL_NOTE"
        },
        {
          "type": "OPERATIONAL_NOTE"
        },
        {
          "type": "OPERATIONAL_NOTE"
        },
        {
          "type": "OPERATIONAL_NOTE"
        },
        {
          "type": "OPERATIONAL_NOTE"
        },
        {
          "type": "OPERATIONAL_NOTE"
        },
        {
          "type": "OPERATIONAL_NOTE"
        }
      ],
      "flightTime": 235,
      "blockTime": 247,
      "crew": [],
      "aircraft": "App CJ3+",
      "distance": 1370.0,
      "postFlightClosed": false,
      "status": "OK"
    },
    {
      "id": "13235205",
      "departureAirport": "CYQF",
      "arrivalAirport": "KDFW",
      "arrivalDate": "2025-12-05T22:07",
      "arrivalDateUTC": "2025-12-06T04:07",
      "departureDate": "2025-12-05T17:00",
      "departureDateUTC": "2025-12-06T00:00",
      "pax": 2,
      "workflow": "PRIVATE",
      "departureAirportObj": {
        "icao": "CYQF",
        "iata": "YQF",
        "name": "Red Deer Regional",
        "faa": null,
        "localIdentifier": null,
        "aid": "APT-I044-M0WJ",
        "id": 14235
      },
      "arrivalAirportObj": {
        "icao": "KDFW",
        "iata": "DFW",
        "name": "Dallas-Fort Worth International",
        "faa": "DFW",
        "localIdentifier": "DFW",
        "aid": "APT-OPOH-XB8Y",
        "id": 17843
      },
      "workflowCustomName": "App Booking",
      "warnings": [
        {
          "type": "OPERATIONAL_NOTE"
        },
        {
          "type": "OPERATIONAL_NOTE"
        },
        {
          "type": "OPERATIONAL_NOTE"
        },
        {
          "type": "OPERATIONAL_NOTE"
        },
        {
          "type": "OPERATIONAL_NOTE"
        },
        {
          "type": "OPERATIONAL_NOTE"
        },
        {
          "type": "OPERATIONAL_NOTE_ALERT"
        },
        {
          "type": "OPERATIONAL_NOTE"
        },
        {
          "type": "OPERATIONAL_NOTE"
        },
        {
          "type": "OPERATIONAL_NOTE"
        }
      ],
      "flightTime": 235,
      "blockTime": 247,
      "crew": [],
      "aircraft": "App CJ3+",
      "distance": 1370.0,
      "postFlightClosed": false,
      "status": "OK"
    }
  ],
  "customer": {
    "internalId": 821944,
    "firstName": "Mariya",
    "lastName": "Besadina",
    "logName": "motiv@airsprint.com",
    "salutation": "unDef",
    "account": {
      "name": "MOTIV Digital",
      "accountid": 162568,
      "notes": "TEST ACCOUNT FOR NEW OWNER APP",
      "accountNumber": "162568",
      "links": []
    },
    "gender": "FEMALE",
    "status": "ACTIVE",
    "links": []
  },
  "comment": "Passengers: Mariya Besadina, Jem Herrera\n\nGround Transportation:\n  - Leg 1: No\n  - Leg 2: No\n\nCatering:\n  - Leg 1: No\n  - Leg 2: No",
  "price": {
    "charterCost": 0.0,
    "gross": 28430.0,
    "net": 28430.0,
    "vat": 0.0,
    "fet": 0.0,
    "tax": 0.0,
    "vatPerc": 0.0,
    "currency": "CAD",
    "exchangeRate": 1
  },
  "status": "W",
  "bookingIdentifier": "YITUF",
  "bookingid": 3641655,
  "workflow": "PRIVATE",
  "workflowCustomName": "App Booking",
  "origin": "WEB",
  "salesPerson": {
    "internalId": 422751,
    "firstName": "Kimberley",
    "lastName": "Atkinson",
    "logName": "katkinson@airsprint.com",
    "salutation": "Mrs",
    "gender": "FEMALE",
    "birthDate": "1986-07-11",
    "birthPlace": "Edmunston",
    "status": "ACTIVE",
    "personnelNumber": "732",
    "links": []
  },
  "createdDate": 1763937830823,
  "postFlightClosed": false,
  "links": []
}