{
  "externalReference": "b0500373-9373-4a22-ba16-7f1f838d1b1e",
  "aircraft": "App CJ3+",
  "aircraftObj": {
    "tailNumber": "App CJ3+",
    "numberOfSeats": 7,
    "type": "C25A",
    "model": "Citation CJ2",
    "typeName": "Citation CJ3+",
    "homebase": null,
    "equipment": null,
    "wingSpan": 15.138,
    "maxFuel": 0.0,
    "externalLength": 14.529,
    "externalHeight": 4.267,
    "cabinHeight": 1.499,
    "cabinLength": 4.14,
    "cabinWidth": 1.422,
    "category": "LIGHT_JET",
    "keyAccountManager": null,
    "flightNumberToken": "",
    "subcharter": null,
    "cargo": null,
    "ambulance": null,
    "id": 7393,
    "aircraftName": "Citation CJ3+",
    "aocNumber": null,
    "status": "ACTIVE",
    "manufacturingDate": 2015,
    "refurbishedInt": null,
    "refurbished": null,
    "cabinCrew": 0,
    "bedsN": null,
    "beltedToilet": true,
    "ownersApprovalRequired": false
  },
  "legs": [
    {
      "id": "13235233",
      "departureAirport": "CYHM",
      "arrivalAirport": "KAUW",
      "arrivalDate": "2025-12-01T14:05",
      "arrivalDateUTC": "2025-12-01T20:05",
      "departureDate": "2025-12-01T13:30",
      "departureDateUTC": "2025-12-01T18:30",
      "pax": 2,
      "workflow": "PRIVATE",
      "departureAirportObj": {
        "icao": "CYHM",
        "iata": "YHM",
        "name": "John C. Munro Hamilton International",
        "faa": null,
        "localIdentifier": null,
        "aid": "APT-3D90-KDDF",
        "id": 14131
      },
      "arrivalAirportObj": {
        "icao": "KAUW",
        "iata": "AUW",
        "name": "Wausau Downtown",
        "faa": "AUW",
        "localIdentifier": "AUW",
        "aid": "APT-GX2U-YYIS",
        "id": 17478
      },
      "workflowCustomName": "FEX Guaranteed",
      "warnings": [
        {
          "type": "OPERATIONAL_NOTE"
        },
        {
          "type": "OPERATIONAL_NOTE"
        },
        {
          "type": "OPERATIONAL_NOTE"
        },
        {
          "type": "OPERATIONAL_NOTE"
        },
        {
          "type": "OPERATIONAL_NOTE"
        },
        {
          "type": "OPERATIONAL_NOTE"
        },
        {
          "type": "OPERATIONAL_NOTE"
        },
        {
          "type": "OPERATIONAL_NOTE"
        },
        {
          "type": "OPERATIONAL_NOTE_ALERT"
        },
        {
          "type": "AIRPORT_OPENING_HOURS_RESTRICTED"
        }
      ],
      "flightTime": 83,
      "blockTime": 95,
      "flightInfo": {
        "dossierNumber": null,
        "referenceNumber": null,
        "flightType": null,
        "flightId": 1043363,
        "fplType": "G"
      },
      "crew": [],
      "aircraft": "App CJ3+",
      "distance": 431.0,
      "postFlightClosed": false,
      "status": "OK"
    }
  ],
  "customer": {
    "internalId": 821944,
    "firstName": "Mariya",
    "lastName": "Besadina",
    "logName": "motiv@airsprint.com",
    "salutation": "unDef",
    "account": {
      "name": "MOTIV Digital",
      "accountid": 162568,
      "notes": "TEST ACCOUNT FOR NEW OWNER APP",
      "accountNumber": "162568",
      "links": []
    },
    "gender": "FEMALE",
    "status": "ACTIVE",
    "links": []
  },
  "comment": "Passengers: Mariya Besadina, Riley Teetzel\n\nGround Transportation:\n  - Leg 1: Yes, Type: DEPARTURE | Departure — Method: COMPACT_RENTAL_CAR\n\nCatering:\n  - Leg 1: coffee",
  "price": {
    "charterCost": 0.0,
    "gross": 5470.0,
    "net": 5470.0,
    "vat": 0.0,
    "fet": 0.0,
    "tax": 0.0,
    "vatPerc": 0.0,
    "currency": "CAD",
    "exchangeRate": 1
  },
  "status": "B",
  "bookingIdentifier": "MIKUP",
  "bookingid": 3641668,
  "workflow": "PRIVATE",
  "workflowCustomName": "FEX Guaranteed",
  "origin": "WEB",
  "salesPerson": {
    "internalId": 422751,
    "firstName": "Kimberley",
    "lastName": "Atkinson",
    "logName": "katkinson@airsprint.com",
    "salutation": "Mrs",
    "gender": "FEMALE",
    "birthDate": "1986-07-11",
    "birthPlace": "Edmunston",
    "status": "ACTIVE",
    "personnelNumber": "732",
    "links": []
  },
  "createdDate": 1764012483439,
  "bookingDateUTC": "2025-11-24T19:32",
  "postFlightClosed": false,
  "links": []
}