{
  "externalReference": "fe995bca-fa68-4c6d-bdd9-6920379589e0",
  "aircraft": "Add EMB East",
  "aircraftObj": {
    "tailNumber": "Add EMB East",
    "numberOfSeats": 9,
    "type": "E545",
    "model": "EMB-545 Legacy 450",
    "typeName": "Embraer",
    "homebase": null,
    "equipment": {
      "v110": true,
      "v230": false,
      "headsets": false,
      "tv": true,
      "cd_dvd": true,
      "wifi": true,
      "satPhone": true,
      "satTV": false,
      "entertainmentSystem": false,
      "lavatory": true,
      "enclosedLavatory": true,
      "coffeePot": true,
      "espresso": false,
      "iceBin": true,
      "microwaveOven": true,
      "warmingOven": false,
      "smokingAllowed": false,
      "petsAllowed": true,
      "baggageVolume": 4.2475,
      "maxWeight": 453.0,
      "standardSuitcases": null,
      "skiTube": false,
      "golfBags": true
    },
    "wingSpan": 20.244,
    "maxFuel": 0.0,
    "externalLength": 19.685,
    "externalHeight": 6.477,
    "cabinHeight": 1.829,
    "cabinLength": 7.315,
    "cabinWidth": 2.083,
    "category": "SUPER_MIDSIZE_JET",
    "keyAccountManager": null,
    "flightNumberToken": "",
    "subcharter": null,
    "cargo": true,
    "ambulance": false,
    "id": 5575,
    "aircraftName": "Embraer",
    "aocNumber": null,
    "status": "ACTIVE",
    "manufacturingDate": 2019,
    "refurbishedInt": null,
    "refurbished": null,
    "cabinCrew": 0,
    "bedsN": null,
    "beltedToilet": null,
    "ownersApprovalRequired": false
  },
  "legs": [
    {
      "id": "13235239",
      "departureAirport": "CYYZ",
      "arrivalAirport": "CYBW",
      "arrivalDate": "2025-12-18T14:57",
      "arrivalDateUTC": "2025-12-18T21:57",
      "departureDate": "2025-12-18T13:00",
      "departureDateUTC": "2025-12-18T18:00",
      "pax": 4,
      "workflow": "PRIVATE",
      "departureAirportObj": {
        "icao": "CYYZ",
        "iata": "YYZ",
        "name": "Lester B Pearson International",
        "faa": null,
        "localIdentifier": "CYYZ",
        "aid": "APT-8K1J-G2LK",
        "id": 14359
      },
      "arrivalAirportObj": {
        "icao": "CYBW",
        "iata": null,
        "name": "Calgary Springbank",
        "faa": null,
        "localIdentifier": null,
        "aid": "APT-TEZI-BCNK",
        "id": 14049
      },
      "workflowCustomName": "FEX As Available",
      "warnings": [
        {
          "type": "OPERATIONAL_NOTE"
        },
        {
          "type": "OPERATIONAL_NOTE"
        },
        {
          "type": "OPERATIONAL_NOTE_ALERT"
        },
        {
          "type": "SCHEDULE_OVERLAP"
        },
        {
          "type": "OPERATIONAL_NOTE"
        },
        {
          "type": "OPERATIONAL_NOTE"
        },
        {
          "type": "OPERATIONAL_NOTE"
        },
        {
          "type": "OPERATIONAL_NOTE"
        },
        {
          "type": "OPERATIONAL_NOTE"
        },
        {
          "type": "OPERATIONAL_NOTE_ALERT"
        },
        {
          "type": "SCHEDULE_OVERLAP"
        },
        {
          "type": "OPERATIONAL_NOTE_ALERT"
        },
        {
          "type": "SCHEDULE_OVERLAP"
        },
        {
          "type": "OPERATIONAL_NOTE"
        }
      ],
      "flightTime": 225,
      "blockTime": 237,
      "flightInfo": {
        "dossierNumber": null,
        "referenceNumber": null,
        "flightType": null,
        "flightId": 1043366,
        "fplType": "G"
      },
      "crew": [],
      "aircraft": "Add EMB East",
      "distance": 1465.0,
      "postFlightClosed": false,
      "status": "OK"
    },
    {
      "id": "13235240",
      "departureAirport": "CYBW",
      "arrivalAirport": "CYYZ",
      "arrivalDate": "2025-12-26T23:42",
      "arrivalDateUTC": "2025-12-27T04:42",
      "departureDate": "2025-12-26T17:45",
      "departureDateUTC": "2025-12-27T00:45",
      "pax": 2,
      "workflow": "PRIVATE",
      "departureAirportObj": {
        "icao": "CYBW",
        "iata": null,
        "name": "Calgary Springbank",
        "faa": null,
        "localIdentifier": null,
        "aid": "APT-TEZI-BCNK",
        "id": 14049
      },
      "arrivalAirportObj": {
        "icao": "CYYZ",
        "iata": "YYZ",
        "name": "Lester B Pearson International",
        "faa": null,
        "localIdentifier": "CYYZ",
        "aid": "APT-8K1J-G2LK",
        "id": 14359
      },
      "workflowCustomName": "FEX Guaranteed",
      "warnings": [
        {
          "type": "OPERATIONAL_NOTE_ALERT"
        },
        {
          "type": "OPERATIONAL_NOTE"
        },
        {
          "type": "OPERATIONAL_NOTE"
        },
        {
          "type": "OPERATIONAL_NOTE"
        },
        {
          "type": "OPERATIONAL_NOTE"
        },
        {
          "type": "OPERATIONAL_NOTE"
        },
        {
          "type": "OPERATIONAL_NOTE"
        },
        {
          "type": "OPERATIONAL_NOTE_ALERT"
        },
        {
          "type": "OPERATIONAL_NOTE_ALERT"
        },
        {
          "type": "OPERATIONAL_NOTE"
        },
        {
          "type": "OPERATIONAL_NOTE"
        }
      ],
      "flightTime": 225,
      "blockTime": 237,
      "flightInfo": {
        "dossierNumber": null,
        "referenceNumber": null,
        "flightType": null,
        "flightId": 1043367,
        "fplType": "G"
      },
      "crew": [],
      "aircraft": "Add EMB East",
      "distance": 1465.0,
      "postFlightClosed": false,
      "status": "OK"
    }
  ],
  "customer": {
    "internalId": 821944,
    "firstName": "Mariya",
    "lastName": "Besadina",
    "logName": "motiv@airsprint.com",
    "salutation": "unDef",
    "account": {
      "name": "MOTIV Digital",
      "accountid": 162568,
      "notes": "TEST ACCOUNT FOR NEW OWNER APP",
      "accountNumber": "162568",
      "links": []
    },
    "gender": "FEMALE",
    "status": "ACTIVE",
    "links": []
  },
  "comment": "Passengers: \n  - Leg 1: 4 of 4 - Jiasheng Lu, Jem Herrera, James Ding, Mariya Besadina\n  - Leg 2: 2 of 2 - Jiasheng Lu, Mariya Besadina\n\nPets: \n  - Leg 1: N/A\n  - Leg 2: fluffy\n\nGround Transportation:\n  - Leg 1: Yes, Type: ARRIVAL | Arrival — Method: LIMO_AND_DRIVER; Drop-off: 322 31 Avenue Northeast, Calgary, AB, T2E\n  - Leg 2: No\n\nCatering:\n  - Leg 1: cookies and fruit tray\n  - Leg 2: No",
  "price": {
    "charterCost": 0.0,
    "gross": 54020.0,
    "net": 54020.0,
    "vat": 0.0,
    "fet": 0.0,
    "tax": 0.0,
    "vatPerc": 0.0,
    "currency": "CAD",
    "exchangeRate": 1
  },
  "status": "B",
  "bookingIdentifier": "EJRIX",
  "bookingid": 3641670,
  "workflow": "PRIVATE",
  "workflowCustomName": "FEX As Available",
  "origin": "WEB",
  "salesPerson": {
    "internalId": 422751,
    "firstName": "Kimberley",
    "lastName": "Atkinson",
    "logName": "katkinson@airsprint.com",
    "salutation": "Mrs",
    "gender": "FEMALE",
    "birthDate": "1986-07-11",
    "birthPlace": "Edmunston",
    "status": "ACTIVE",
    "personnelNumber": "732",
    "links": []
  },
  "createdDate": 1764016216849,
  "bookingDateUTC": "2025-11-24T21:23",
  "postFlightClosed": false,
  "links": []
}