{
  "externalReference": "2a95b3f9-115f-451b-aedf-b6865b590030",
  "aircraft": "App E550",
  "aircraftObj": {
    "tailNumber": "App E550",
    "numberOfSeats": 9,
    "type": "E545",
    "model": "EMB-545 Legacy 450",
    "typeName": "Legacy 450",
    "homebase": null,
    "equipment": {
      "v110": true,
      "v230": false,
      "headsets": false,
      "tv": true,
      "cd_dvd": true,
      "wifi": true,
      "satPhone": true,
      "satTV": false,
      "entertainmentSystem": false,
      "lavatory": true,
      "enclosedLavatory": true,
      "coffeePot": true,
      "espresso": false,
      "iceBin": true,
      "microwaveOven": true,
      "warmingOven": false,
      "smokingAllowed": false,
      "petsAllowed": true,
      "baggageVolume": 4.2475,
      "maxWeight": 453.0,
      "standardSuitcases": null,
      "skiTube": false,
      "golfBags": true
    },
    "wingSpan": 20.244,
    "maxFuel": 0.0,
    "externalLength": 19.685,
    "externalHeight": 6.477,
    "cabinHeight": 1.829,
    "cabinLength": 7.315,
    "cabinWidth": 2.083,
    "category": "SUPER_MIDSIZE_JET",
    "keyAccountManager": null,
    "flightNumberToken": "",
    "subcharter": null,
    "cargo": true,
    "ambulance": false,
    "id": 6560,
    "aircraftName": "Legacy 450",
    "aocNumber": null,
    "status": "ACTIVE",
    "manufacturingDate": 2019,
    "refurbishedInt": null,
    "refurbished": null,
    "cabinCrew": 0,
    "bedsN": null,
    "beltedToilet": null,
    "ownersApprovalRequired": false
  },
  "legs": [
    {
      "id": "13235338",
      "departureAirport": "CYYC",
      "arrivalAirport": "KLAX",
      "arrivalDate": "2025-12-18T16:27",
      "arrivalDateUTC": "2025-12-19T00:27",
      "departureDate": "2025-12-18T14:30",
      "departureDateUTC": "2025-12-18T21:30",
      "pax": 3,
      "workflow": "PRIVATE",
      "departureAirportObj": {
        "icao": "CYYC",
        "iata": "YYC",
        "name": "Calgary International",
        "faa": null,
        "localIdentifier": null,
        "aid": "APT-4MPB-X5XC",
        "id": 14342
      },
      "arrivalAirportObj": {
        "icao": "KLAX",
        "iata": "LAX",
        "name": "Los Angeles International",
        "faa": "LAX",
        "localIdentifier": "LAX",
        "aid": "APT-2K2B-WML5",
        "id": 18508
      },
      "workflowCustomName": "App Booking",
      "warnings": [
        {
          "type": "OPERATIONAL_NOTE"
        },
        {
          "type": "OPERATIONAL_NOTE"
        },
        {
          "type": "OPERATIONAL_NOTE"
        },
        {
          "type": "OPERATIONAL_NOTE_ALERT"
        },
        {
          "type": "OPERATIONAL_NOTE"
        },
        {
          "type": "OPERATIONAL_NOTE"
        },
        {
          "type": "OPERATIONAL_NOTE"
        },
        {
          "type": "OPERATIONAL_NOTE_ALERT"
        },
        {
          "type": "OPERATIONAL_NOTE"
        },
        {
          "type": "OPERATIONAL_NOTE"
        },
        {
          "type": "OPERATIONAL_NOTE"
        },
        {
          "type": "OPERATIONAL_NOTE"
        },
        {
          "type": "OPERATIONAL_NOTE_ALERT"
        },
        {
          "type": "OPERATIONAL_NOTE"
        },
        {
          "type": "OPERATIONAL_NOTE"
        },
        {
          "type": "OPERATIONAL_NOTE"
        },
        {
          "type": "OPERATIONAL_NOTE"
        }
      ],
      "flightTime": 165,
      "blockTime": 177,
      "crew": [],
      "aircraft": "App E550",
      "distance": 1049.0,
      "postFlightClosed": false,
      "status": "OK"
    }
  ],
  "customer": {
    "internalId": 422751,
    "firstName": "Kimberley",
    "lastName": "Atkinson",
    "logName": "katkinson@airsprint.com",
    "salutation": "Mrs",
    "account": {
      "name": "LINDA by Lisa",
      "accountid": 105956,
      "accountNumber": "105956",
      "links": []
    },
    "gender": "FEMALE",
    "birthDate": "1986-07-11",
    "birthPlace": "Edmunston",
    "status": "ACTIVE",
    "personnelNumber": "732",
    "links": []
  },
  "comment": "Passengers: James Teetzel, James Elian, Kimberley Atkinson\n\nGround Transportation:\n  - Leg 1: No\n\nCatering:\n  - Leg 1: No",
  "price": {
    "charterCost": 0.0,
    "gross": 22910.0,
    "net": 22910.0,
    "vat": 0.0,
    "fet": 0.0,
    "tax": 0.0,
    "vatPerc": 0.0,
    "currency": "CAD",
    "exchangeRate": 1
  },
  "status": "W",
  "bookingIdentifier": "JESIZ",
  "bookingid": 3641700,
  "workflow": "PRIVATE",
  "workflowCustomName": "App Booking",
  "origin": "WEB",
  "salesPerson": {
    "internalId": 395553,
    "firstName": "Carole",
    "lastName": "Erlam",
    "logName": "cerlam@airsprint.com",
    "acronym": "cme",
    "salutation": "Ms",
    "gender": "FEMALE",
    "birthDate": "1969-02-14",
    "birthPlace": "Bathurst",
    "status": "ACTIVE",
    "personnelNumber": "705",
    "weight": 65.7709,
    "links": []
  },
  "createdDate": 1764184839576,
  "postFlightClosed": false,
  "links": []
}