{
  "externalReference": "f70e8dda-ff15-4f5e-bebf-c88e077b176e",
  "aircraft": "App CJ2+",
  "aircraftObj": {
    "tailNumber": "App CJ2+",
    "numberOfSeats": 7,
    "type": "C25A",
    "model": "Citation CJ2",
    "typeName": "Citation CJ2+",
    "homebase": null,
    "equipment": null,
    "wingSpan": 15.138,
    "maxFuel": 0.0,
    "externalLength": 14.529,
    "externalHeight": 4.267,
    "cabinHeight": 1.499,
    "cabinLength": 4.14,
    "cabinWidth": 1.422,
    "category": "LIGHT_JET",
    "keyAccountManager": null,
    "flightNumberToken": "",
    "subcharter": null,
    "cargo": null,
    "ambulance": null,
    "id": 7392,
    "aircraftName": "Citation CJ2+",
    "aocNumber": null,
    "status": "ACTIVE",
    "manufacturingDate": 2015,
    "refurbishedInt": null,
    "refurbished": null,
    "cabinCrew": 0,
    "bedsN": null,
    "beltedToilet": true,
    "ownersApprovalRequired": false
  },
  "legs": [
    {
      "id": "13235389",
      "departureAirport": "CYYC",
      "arrivalAirport": "KBFI",
      "arrivalDate": "2025-12-03T13:29",
      "arrivalDateUTC": "2025-12-03T21:29",
      "departureDate": "2025-12-03T13:00",
      "departureDateUTC": "2025-12-03T20:00",
      "pax": 4,
      "workflow": "PRIVATE",
      "departureAirportObj": {
        "icao": "CYYC",
        "iata": "YYC",
        "name": "Calgary International",
        "faa": null,
        "localIdentifier": null,
        "aid": "APT-4MPB-X5XC",
        "id": 14342
      },
      "arrivalAirportObj": {
        "icao": "KBFI",
        "iata": "BFI",
        "name": "Boeing Field - King County International",
        "faa": "BFI",
        "localIdentifier": "BFI",
        "aid": "APT-Q3VA-KZAH",
        "id": 17536
      },
      "workflowCustomName": "App Booking",
      "warnings": [
        {
          "type": "OPERATIONAL_NOTE"
        },
        {
          "type": "OPERATIONAL_NOTE"
        },
        {
          "type": "OPERATIONAL_NOTE"
        },
        {
          "type": "OPERATIONAL_NOTE"
        },
        {
          "type": "OPERATIONAL_NOTE"
        },
        {
          "type": "OPERATIONAL_NOTE"
        },
        {
          "type": "OPERATIONAL_NOTE_ALERT"
        },
        {
          "type": "OPERATIONAL_NOTE"
        },
        {
          "type": "OPERATIONAL_NOTE"
        },
        {
          "type": "OPERATIONAL_NOTE"
        },
        {
          "type": "OPERATIONAL_NOTE_ALERT"
        },
        {
          "type": "OPERATIONAL_NOTE"
        },
        {
          "type": "OPERATIONAL_NOTE"
        },
        {
          "type": "OPERATIONAL_NOTE"
        },
        {
          "type": "OPERATIONAL_NOTE"
        },
        {
          "type": "OPERATIONAL_NOTE"
        },
        {
          "type": "OPERATIONAL_NOTE"
        }
      ],
      "flightTime": 77,
      "blockTime": 89,
      "flightInfo": {
        "dossierNumber": null,
        "referenceNumber": null,
        "flightType": null,
        "flightId": 1043424,
        "fplType": "G"
      },
      "crew": [],
      "aircraft": "App CJ2+",
      "distance": 389.0,
      "postFlightClosed": false,
      "status": "OK"
    }
  ],
  "customer": {
    "internalId": 395649,
    "firstName": "James",
    "lastName": "Teetzel",
    "logName": "jteetzel@airsprint.com",
    "acronym": "JRT",
    "salutation": "Prof_Dr",
    "account": {
      "name": "JimJets",
      "phone": "+4700026058",
      "mobile": "+4937917804",
      "address": {
        "type": "HOME",
        "street": "Montoyastraße",
        "city": "Port Emilyburgh",
        "zip": "36684",
        "country": "CA",
        "latitude": 0.0,
        "longitude": 0.0,
        "state": "AB",
        "links": []
      },
      "vatNumber": "987654321",
      "accountid": 102244,
      "notes": "Does this appear in the API? Or the DataLake?",
      "accountNumber": "102244",
      "links": []
    },
    "birthDate": "1967-02-05",
    "birthPlace": "",
    "status": "ACTIVE",
    "personnelNumber": "763",
    "weight": 0.0,
    "links": []
  },
  "comment": "Passengers: Adriana Bernal, James Teetzel, Kimberley Atkinson, Elizabeth Carey\n\nPets: Hazel\n\nGround Transportation:\n  - Leg 1: Yes, Type: ARRIVAL | Arrival — Method: SUV_AND_DRIVER; Drop-off: 7277 Perimeter Road South, Seattle, WA, 98108\n\nCatering:\n  - Leg 1: sandwich tray and pellegrino\n\nLeg Notes:\n  - Leg 1: Need snacks for Hazel",
  "price": {
    "charterCost": 0.0,
    "gross": 5120.0,
    "net": 5120.0,
    "vat": 0.0,
    "fet": 0.0,
    "tax": 0.0,
    "vatPerc": 0.0,
    "currency": "CAD",
    "exchangeRate": 1
  },
  "status": "W",
  "bookingIdentifier": "WOUSX",
  "bookingid": 3641712,
  "workflow": "PRIVATE",
  "workflowCustomName": "App Booking",
  "origin": "WEB",
  "salesPerson": {
    "internalId": 422751,
    "firstName": "Kimberley",
    "lastName": "Atkinson",
    "logName": "katkinson@airsprint.com",
    "salutation": "Mrs",
    "gender": "FEMALE",
    "birthDate": "1986-07-11",
    "birthPlace": "Edmunston",
    "status": "ACTIVE",
    "personnelNumber": "732",
    "links": []
  },
  "createdDate": 1764267279686,
  "postFlightClosed": false,
  "links": []
}