{
  "externalReference": "dd6e2f52-0b84-43a9-856c-3ca1de3c93fa",
  "aircraft": "Add EMB West",
  "aircraftObj": {
    "tailNumber": "Add EMB West",
    "numberOfSeats": 9,
    "type": "E545",
    "model": "EMB-545 Legacy 450",
    "typeName": "Embraer",
    "homebase": null,
    "equipment": {
      "v110": true,
      "v230": false,
      "headsets": false,
      "tv": true,
      "cd_dvd": true,
      "wifi": true,
      "satPhone": true,
      "satTV": false,
      "entertainmentSystem": false,
      "lavatory": true,
      "enclosedLavatory": true,
      "coffeePot": true,
      "espresso": false,
      "iceBin": true,
      "microwaveOven": true,
      "warmingOven": false,
      "smokingAllowed": false,
      "petsAllowed": true,
      "baggageVolume": 4.2475,
      "maxWeight": 453.0,
      "standardSuitcases": null,
      "skiTube": false,
      "golfBags": true
    },
    "wingSpan": 20.244,
    "maxFuel": 0.0,
    "externalLength": 19.685,
    "externalHeight": 6.477,
    "cabinHeight": 1.829,
    "cabinLength": 7.315,
    "cabinWidth": 2.083,
    "category": "SUPER_MIDSIZE_JET",
    "keyAccountManager": null,
    "flightNumberToken": "",
    "subcharter": null,
    "cargo": true,
    "ambulance": false,
    "id": 6290,
    "aircraftName": "Embraer",
    "aocNumber": null,
    "status": "ACTIVE",
    "manufacturingDate": 2019,
    "refurbishedInt": null,
    "refurbished": null,
    "cabinCrew": 0,
    "bedsN": null,
    "beltedToilet": null,
    "ownersApprovalRequired": false
  },
  "legs": [
    {
      "id": "13235281",
      "departureAirport": "CYYC",
      "arrivalAirport": "CYQB",
      "arrivalDate": "2025-11-25T21:57",
      "arrivalDateUTC": "2025-11-26T02:57",
      "departureDate": "2025-11-25T15:30",
      "departureDateUTC": "2025-11-25T22:30",
      "pax": 2,
      "workflow": "PRIVATE",
      "departureAirportObj": {
        "icao": "CYYC",
        "iata": "YYC",
        "name": "Calgary International",
        "faa": null,
        "localIdentifier": null,
        "aid": "APT-4MPB-X5XC",
        "id": 14342
      },
      "arrivalAirportObj": {
        "icao": "CYQB",
        "iata": "YQB",
        "name": "Quebec - Jean Lesage International",
        "faa": null,
        "localIdentifier": "CYQB",
        "aid": "APT-VB9H-DDO1",
        "id": 14233
      },
      "workflowCustomName": "FEX As Available",
      "warnings": [
        {
          "type": "OPERATIONAL_NOTE"
        },
        {
          "type": "OPERATIONAL_NOTE_ALERT"
        },
        {
          "type": "OPERATIONAL_NOTE"
        },
        {
          "type": "OPERATIONAL_NOTE"
        },
        {
          "type": "OPERATIONAL_NOTE"
        },
        {
          "type": "OPERATIONAL_NOTE"
        },
        {
          "type": "OPERATIONAL_NOTE"
        },
        {
          "type": "OPERATIONAL_NOTE"
        },
        {
          "type": "OPERATIONAL_NOTE"
        },
        {
          "type": "OPERATIONAL_NOTE"
        },
        {
          "type": "OPERATIONAL_NOTE"
        },
        {
          "type": "OPERATIONAL_NOTE"
        },
        {
          "type": "OPERATIONAL_NOTE"
        },
        {
          "type": "OPERATIONAL_NOTE"
        }
      ],
      "flightTime": 255,
      "blockTime": 267,
      "flightInfo": {
        "dossierNumber": null,
        "referenceNumber": null,
        "flightType": null,
        "flightId": 1043383,
        "fplType": "G"
      },
      "crew": [],
      "aircraft": "Add EMB West",
      "distance": 1676.0,
      "postFlightClosed": false,
      "status": "OK"
    }
  ],
  "customer": {
    "internalId": 422751,
    "firstName": "Kimberley",
    "lastName": "Atkinson",
    "logName": "katkinson@airsprint.com",
    "salutation": "Mrs",
    "account": {
      "name": "LINDA by Lisa",
      "accountid": 105956,
      "accountNumber": "105956",
      "links": []
    },
    "gender": "FEMALE",
    "birthDate": "1986-07-11",
    "birthPlace": "Edmunston",
    "status": "ACTIVE",
    "personnelNumber": "732",
    "links": []
  },
  "comment": "Passengers: James Elian, Marcia Simon\n\nPets: buddy\n\nGround Transportation:\n  - Leg 1: Yes, Type: BOTH | Departure — Method: TAXI; Pickup: 122 River Heights Green, Cochrane, AB, T4C | Arrival — Method: SEDAN_AND_DRIVER; Drop-off: Rue du Minervois, Saint-Lazare, QC\n\nCatering:\n  - Leg 1: No",
  "price": {
    "charterCost": 0.0,
    "gross": 30430.0,
    "net": 30430.0,
    "vat": 0.0,
    "fet": 0.0,
    "tax": 0.0,
    "vatPerc": 0.0,
    "currency": "CAD",
    "exchangeRate": 1
  },
  "status": "B",
  "bookingIdentifier": "MOIFF",
  "bookingid": 3641683,
  "workflow": "PRIVATE",
  "workflowCustomName": "FEX As Available",
  "origin": "WEB",
  "salesPerson": {
    "internalId": 395553,
    "firstName": "Carole",
    "lastName": "Erlam",
    "logName": "cerlam@airsprint.com",
    "acronym": "cme",
    "salutation": "Ms",
    "gender": "FEMALE",
    "birthDate": "1969-02-14",
    "birthPlace": "Bathurst",
    "status": "ACTIVE",
    "personnelNumber": "705",
    "weight": 65.7709,
    "links": []
  },
  "createdDate": 1764103045195,
  "bookingDateUTC": "2025-11-25T21:06",
  "postFlightClosed": false,
  "links": []
}