{
  "externalReference": "54cea0de-3566-4388-b390-cb07215f590c",
  "aircraft": "App E550",
  "aircraftObj": {
    "tailNumber": "App E550",
    "numberOfSeats": 9,
    "type": "E545",
    "model": "EMB-545 Legacy 450",
    "typeName": "Legacy 450",
    "homebase": null,
    "equipment": {
      "v110": true,
      "v230": false,
      "headsets": false,
      "tv": true,
      "cd_dvd": true,
      "wifi": true,
      "satPhone": true,
      "satTV": false,
      "entertainmentSystem": false,
      "lavatory": true,
      "enclosedLavatory": true,
      "coffeePot": true,
      "espresso": false,
      "iceBin": true,
      "microwaveOven": true,
      "warmingOven": false,
      "smokingAllowed": false,
      "petsAllowed": true,
      "baggageVolume": 4.2475,
      "maxWeight": 453.0,
      "standardSuitcases": null,
      "skiTube": false,
      "golfBags": true
    },
    "wingSpan": 20.244,
    "maxFuel": 0.0,
    "externalLength": 19.685,
    "externalHeight": 6.477,
    "cabinHeight": 1.829,
    "cabinLength": 7.315,
    "cabinWidth": 2.083,
    "category": "SUPER_MIDSIZE_JET",
    "keyAccountManager": null,
    "flightNumberToken": "",
    "subcharter": null,
    "cargo": true,
    "ambulance": false,
    "id": 6560,
    "aircraftName": "Legacy 450",
    "aocNumber": null,
    "status": "ACTIVE",
    "manufacturingDate": 2019,
    "refurbishedInt": null,
    "refurbished": null,
    "cabinCrew": 0,
    "bedsN": null,
    "beltedToilet": null,
    "ownersApprovalRequired": false
  },
  "legs": [
    {
      "id": "13235180",
      "departureAirport": "KDFW",
      "arrivalAirport": "CYQF",
      "arrivalDate": "2025-12-12T19:43",
      "arrivalDateUTC": "2025-12-13T02:43",
      "departureDate": "2025-12-12T17:00",
      "departureDateUTC": "2025-12-12T23:00",
      "pax": 1,
      "workflow": "PRIVATE",
      "departureAirportObj": {
        "icao": "KDFW",
        "iata": "DFW",
        "name": "Dallas-Fort Worth International",
        "faa": "DFW",
        "localIdentifier": "DFW",
        "aid": "APT-OPOH-XB8Y",
        "id": 17843
      },
      "arrivalAirportObj": {
        "icao": "CYQF",
        "iata": "YQF",
        "name": "Red Deer Regional",
        "faa": null,
        "localIdentifier": null,
        "aid": "APT-I044-M0WJ",
        "id": 14235
      },
      "workflowCustomName": "App Booking",
      "warnings": [
        {
          "type": "OPERATIONAL_NOTE_ALERT"
        },
        {
          "type": "OPERATIONAL_NOTE"
        },
        {
          "type": "OPERATIONAL_NOTE"
        },
        {
          "type": "OPERATIONAL_NOTE"
        },
        {
          "type": "OPERATIONAL_NOTE"
        },
        {
          "type": "OPERATIONAL_NOTE"
        },
        {
          "type": "OPERATIONAL_NOTE"
        },
        {
          "type": "OPERATIONAL_NOTE"
        },
        {
          "type": "OPERATIONAL_NOTE"
        },
        {
          "type": "OPERATIONAL_NOTE"
        }
      ],
      "flightTime": 211,
      "blockTime": 223,
      "crew": [],
      "aircraft": "App E550",
      "distance": 1370.0,
      "postFlightClosed": false,
      "status": "OK"
    },
    {
      "id": "13235181",
      "departureAirport": "CYQF",
      "arrivalAirport": "KDFW",
      "arrivalDate": "2025-12-15T02:13",
      "arrivalDateUTC": "2025-12-15T08:13",
      "departureDate": "2025-12-14T21:30",
      "departureDateUTC": "2025-12-15T04:30",
      "pax": 1,
      "workflow": "PRIVATE",
      "departureAirportObj": {
        "icao": "CYQF",
        "iata": "YQF",
        "name": "Red Deer Regional",
        "faa": null,
        "localIdentifier": null,
        "aid": "APT-I044-M0WJ",
        "id": 14235
      },
      "arrivalAirportObj": {
        "icao": "KDFW",
        "iata": "DFW",
        "name": "Dallas-Fort Worth International",
        "faa": "DFW",
        "localIdentifier": "DFW",
        "aid": "APT-OPOH-XB8Y",
        "id": 17843
      },
      "workflowCustomName": "App Booking",
      "warnings": [
        {
          "type": "OPERATIONAL_NOTE"
        },
        {
          "type": "OPERATIONAL_NOTE"
        },
        {
          "type": "OPERATIONAL_NOTE_ALERT"
        },
        {
          "type": "OPERATIONAL_NOTE"
        },
        {
          "type": "OPERATIONAL_NOTE"
        },
        {
          "type": "OPERATIONAL_NOTE"
        },
        {
          "type": "OPERATIONAL_NOTE"
        },
        {
          "type": "OPERATIONAL_NOTE"
        },
        {
          "type": "OPERATIONAL_NOTE"
        },
        {
          "type": "OPERATIONAL_NOTE"
        }
      ],
      "flightTime": 211,
      "blockTime": 223,
      "crew": [],
      "aircraft": "App E550",
      "distance": 1370.0,
      "postFlightClosed": false,
      "status": "OK"
    }
  ],
  "customer": {
    "internalId": 821944,
    "firstName": "Mariya",
    "lastName": "Besadina",
    "logName": "motiv@airsprint.com",
    "salutation": "unDef",
    "account": {
      "name": "MOTIV Digital",
      "accountid": 162568,
      "notes": "TEST ACCOUNT FOR NEW OWNER APP",
      "accountNumber": "162568",
      "links": []
    },
    "gender": "FEMALE",
    "status": "ACTIVE",
    "links": []
  },
  "comment": "Passengers: Mariya Besadina\n\nGround Transportation:\n  - Leg 1: Yes, Type: BOTH | Departure — Method: LIMO_AND_DRIVER; Pickup: 3456 Virrey del Pino, Buenos Aires, Cdad., Autónoma | Arrival — Method: COMPACT_RENTAL_CAR\n  - Leg 2: Yes, Type: ARRIVAL | Arrival — Method: TAXI; Drop-off: 4356 Boulevard Dagenais Ouest, Laval, QC, H7R\n\nCatering:\n  - Leg 1: No\n  - Leg 2: No",
  "price": {
    "charterCost": 0.0,
    "gross": 57730.0,
    "net": 57730.0,
    "vat": 0.0,
    "fet": 0.0,
    "tax": 0.0,
    "vatPerc": 0.0,
    "currency": "CAD",
    "exchangeRate": 1
  },
  "status": "W",
  "bookingIdentifier": "OWBEX",
  "bookingid": 3641642,
  "workflow": "PRIVATE",
  "workflowCustomName": "App Booking",
  "origin": "WEB",
  "salesPerson": {
    "internalId": 422751,
    "firstName": "Kimberley",
    "lastName": "Atkinson",
    "logName": "katkinson@airsprint.com",
    "salutation": "Mrs",
    "gender": "FEMALE",
    "birthDate": "1986-07-11",
    "birthPlace": "Edmunston",
    "status": "ACTIVE",
    "personnelNumber": "732",
    "links": []
  },
  "createdDate": 1763916087325,
  "postFlightClosed": false,
  "links": []
}