{
  "externalReference": "2f0591f8-c139-4323-8dcc-8e407ca85495",
  "aircraft": "App CJ2+",
  "aircraftObj": {
    "tailNumber": "App CJ2+",
    "numberOfSeats": 7,
    "type": "C25A",
    "model": "Citation CJ2",
    "typeName": "Citation CJ2+",
    "homebase": null,
    "equipment": null,
    "wingSpan": 15.138,
    "maxFuel": 0.0,
    "externalLength": 14.529,
    "externalHeight": 4.267,
    "cabinHeight": 1.499,
    "cabinLength": 4.14,
    "cabinWidth": 1.422,
    "category": "LIGHT_JET",
    "keyAccountManager": null,
    "flightNumberToken": "",
    "subcharter": null,
    "cargo": null,
    "ambulance": null,
    "id": 7392,
    "aircraftName": "Citation CJ2+",
    "aocNumber": null,
    "status": "ACTIVE",
    "manufacturingDate": 2015,
    "refurbishedInt": null,
    "refurbished": null,
    "cabinCrew": 0,
    "bedsN": null,
    "beltedToilet": true,
    "ownersApprovalRequired": false
  },
  "legs": [
    {
      "id": "13235175",
      "departureAirport": "CYYC",
      "arrivalAirport": "KISP",
      "arrivalDate": "2025-12-10T22:45",
      "arrivalDateUTC": "2025-12-11T03:45",
      "departureDate": "2025-12-10T15:30",
      "departureDateUTC": "2025-12-10T22:30",
      "pax": 4,
      "workflow": "PRIVATE",
      "departureAirportObj": {
        "icao": "CYYC",
        "iata": "YYC",
        "name": "Calgary International",
        "faa": null,
        "localIdentifier": null,
        "aid": "APT-4MPB-X5XC",
        "id": 14342
      },
      "arrivalAirportObj": {
        "icao": "KISP",
        "iata": "ISP",
        "name": "Long Island MacArthur",
        "faa": "ISP",
        "localIdentifier": "ISP",
        "aid": "APT-50RT-RUXZ",
        "id": 18432
      },
      "workflowCustomName": "App Booking",
      "warnings": [
        {
          "type": "OPERATIONAL_NOTE"
        },
        {
          "type": "OPERATIONAL_NOTE"
        },
        {
          "type": "OPERATIONAL_NOTE"
        },
        {
          "type": "OPERATIONAL_NOTE_ALERT"
        },
        {
          "type": "OPERATIONAL_NOTE"
        },
        {
          "type": "OPERATIONAL_NOTE"
        },
        {
          "type": "OPERATIONAL_NOTE"
        },
        {
          "type": "FUEL_STOP"
        },
        {
          "type": "OPERATIONAL_NOTE"
        },
        {
          "type": "OPERATIONAL_NOTE"
        },
        {
          "type": "OPERATIONAL_NOTE"
        },
        {
          "type": "OPERATIONAL_NOTE"
        },
        {
          "type": "OPERATIONAL_NOTE"
        },
        {
          "type": "OPERATIONAL_NOTE"
        }
      ],
      "flightTime": 303,
      "blockTime": 315,
      "crew": [],
      "aircraft": "App CJ2+",
      "distance": 1789.0,
      "postFlightClosed": false,
      "status": "OK"
    },
    {
      "id": "13235176",
      "departureAirport": "KISP",
      "arrivalAirport": "CYYC",
      "arrivalDate": "2025-12-21T00:45",
      "arrivalDateUTC": "2025-12-21T07:45",
      "departureDate": "2025-12-20T21:30",
      "departureDateUTC": "2025-12-21T02:30",
      "pax": 4,
      "workflow": "PRIVATE",
      "departureAirportObj": {
        "icao": "KISP",
        "iata": "ISP",
        "name": "Long Island MacArthur",
        "faa": "ISP",
        "localIdentifier": "ISP",
        "aid": "APT-50RT-RUXZ",
        "id": 18432
      },
      "arrivalAirportObj": {
        "icao": "CYYC",
        "iata": "YYC",
        "name": "Calgary International",
        "faa": null,
        "localIdentifier": null,
        "aid": "APT-4MPB-X5XC",
        "id": 14342
      },
      "workflowCustomName": "App Booking",
      "warnings": [
        {
          "type": "OPERATIONAL_NOTE_ALERT"
        },
        {
          "type": "OPERATIONAL_NOTE"
        },
        {
          "type": "OPERATIONAL_NOTE"
        },
        {
          "type": "OPERATIONAL_NOTE"
        },
        {
          "type": "OPERATIONAL_NOTE"
        },
        {
          "type": "OPERATIONAL_NOTE"
        },
        {
          "type": "OPERATIONAL_NOTE"
        },
        {
          "type": "OPERATIONAL_NOTE"
        },
        {
          "type": "OPERATIONAL_NOTE"
        },
        {
          "type": "OPERATIONAL_NOTE"
        },
        {
          "type": "FUEL_STOP"
        },
        {
          "type": "OPERATIONAL_NOTE"
        },
        {
          "type": "OPERATIONAL_NOTE"
        },
        {
          "type": "OPERATIONAL_NOTE"
        }
      ],
      "flightTime": 303,
      "blockTime": 315,
      "crew": [],
      "aircraft": "App CJ2+",
      "distance": 1789.0,
      "postFlightClosed": false,
      "status": "OK"
    }
  ],
  "customer": {
    "internalId": 821944,
    "firstName": "Mariya",
    "lastName": "Besadina",
    "logName": "motiv@airsprint.com",
    "salutation": "unDef",
    "account": {
      "name": "MOTIV Digital",
      "accountid": 162568,
      "notes": "TEST ACCOUNT FOR NEW OWNER APP",
      "accountNumber": "162568",
      "links": []
    },
    "gender": "FEMALE",
    "status": "ACTIVE",
    "links": []
  },
  "comment": "Passengers: James Teetzel, Riley Teetzel\n\nGround Transportation:\n  - Leg 1: Yes, Type: DEPARTURE | Departure — Method: LIMO_AND_DRIVER; Pickup: Calle de las Hileras, Madrid, MD, 28013\n  - Leg 2: Yes, Type: ARRIVAL | Arrival — Method: LIMO_AND_DRIVER; Drop-off: U.S. Route 66, Albuquerque, NM, 87106\n\nCatering:\n  - Leg 1: cater\n  - Leg 2: cassock\n\nLeg Notes:\n  - Leg 1: special\n  - Leg 2: shariah",
  "price": {
    "charterCost": 0.0,
    "gross": 36260.0,
    "net": 36260.0,
    "vat": 0.0,
    "fet": 0.0,
    "tax": 0.0,
    "vatPerc": 0.0,
    "currency": "CAD",
    "exchangeRate": 1
  },
  "status": "W",
  "bookingIdentifier": "OQHUF",
  "bookingid": 3641639,
  "workflow": "PRIVATE",
  "workflowCustomName": "App Booking",
  "origin": "WEB",
  "salesPerson": {
    "internalId": 422751,
    "firstName": "Kimberley",
    "lastName": "Atkinson",
    "logName": "katkinson@airsprint.com",
    "salutation": "Mrs",
    "gender": "FEMALE",
    "birthDate": "1986-07-11",
    "birthPlace": "Edmunston",
    "status": "ACTIVE",
    "personnelNumber": "732",
    "links": []
  },
  "createdDate": 1763914313216,
  "postFlightClosed": false,
  "links": []
}