{
  "externalReference": "d886d56b-31b9-4e14-9850-3d378acc8ffd",
  "aircraft": "App CJ3+",
  "aircraftObj": {
    "tailNumber": "App CJ3+",
    "numberOfSeats": 7,
    "type": "C25A",
    "model": "Citation CJ2",
    "typeName": "Citation CJ3+",
    "homebase": null,
    "equipment": null,
    "wingSpan": 15.138,
    "maxFuel": 0.0,
    "externalLength": 14.529,
    "externalHeight": 4.267,
    "cabinHeight": 1.499,
    "cabinLength": 4.14,
    "cabinWidth": 1.422,
    "category": "LIGHT_JET",
    "keyAccountManager": null,
    "flightNumberToken": "",
    "subcharter": null,
    "cargo": null,
    "ambulance": null,
    "id": 7393,
    "aircraftName": "Citation CJ3+",
    "aocNumber": null,
    "status": "ACTIVE",
    "manufacturingDate": 2015,
    "refurbishedInt": null,
    "refurbished": null,
    "cabinCrew": 0,
    "bedsN": null,
    "beltedToilet": true,
    "ownersApprovalRequired": false
  },
  "legs": [
    {
      "id": "13235263",
      "departureAirport": "CYYZ",
      "arrivalAirport": "MYNN",
      "arrivalDate": "2025-12-27T16:25",
      "arrivalDateUTC": "2025-12-27T21:25",
      "departureDate": "2025-12-27T13:00",
      "departureDateUTC": "2025-12-27T18:00",
      "pax": 3,
      "workflow": "PRIVATE",
      "departureAirportObj": {
        "icao": "CYYZ",
        "iata": "YYZ",
        "name": "Lester B Pearson International",
        "faa": null,
        "localIdentifier": "CYYZ",
        "aid": "APT-8K1J-G2LK",
        "id": 14359
      },
      "arrivalAirportObj": {
        "icao": "MYNN",
        "iata": "NAS",
        "name": "Lynden Pindling International",
        "faa": null,
        "localIdentifier": "MYNN",
        "aid": "APT-XE2A-9GAX",
        "id": 21448
      },
      "workflowCustomName": "App Booking",
      "warnings": [
        {
          "type": "OPERATIONAL_NOTE"
        },
        {
          "type": "OPERATIONAL_NOTE"
        },
        {
          "type": "OPERATIONAL_NOTE"
        },
        {
          "type": "OPERATIONAL_NOTE_ALERT"
        },
        {
          "type": "OPERATIONAL_NOTE_ALERT"
        },
        {
          "type": "OPERATIONAL_NOTE"
        },
        {
          "type": "OPERATIONAL_NOTE"
        },
        {
          "type": "OPERATIONAL_NOTE"
        },
        {
          "type": "OPERATIONAL_NOTE_ALERT"
        },
        {
          "type": "OPERATIONAL_NOTE"
        },
        {
          "type": "OPERATIONAL_NOTE"
        }
      ],
      "flightTime": 193,
      "blockTime": 205,
      "crew": [],
      "aircraft": "App CJ3+",
      "distance": 1124.0,
      "postFlightClosed": false,
      "status": "OK",
      "flightNumber": ""
    },
    {
      "id": "13235264",
      "departureAirport": "KMIA",
      "arrivalAirport": "MYNN",
      "arrivalDate": "2025-12-27T18:07",
      "arrivalDateUTC": "2025-12-27T23:07",
      "departureDate": "2025-12-27T17:15",
      "departureDateUTC": "2025-12-27T22:15",
      "pax": 3,
      "workflow": "PRIVATE",
      "departureAirportObj": {
        "icao": "KMIA",
        "iata": "MIA",
        "name": "Miami International",
        "faa": "MIA",
        "localIdentifier": "MIA",
        "aid": "APT-V5HT-CHXC",
        "id": 18693
      },
      "arrivalAirportObj": {
        "icao": "MYNN",
        "iata": "NAS",
        "name": "Lynden Pindling International",
        "faa": null,
        "localIdentifier": "MYNN",
        "aid": "APT-XE2A-9GAX",
        "id": 21448
      },
      "workflowCustomName": "App Booking",
      "warnings": [
        {
          "type": "OPERATIONAL_NOTE_ALERT"
        },
        {
          "type": "OPERATIONAL_NOTE"
        },
        {
          "type": "OPERATIONAL_NOTE"
        },
        {
          "type": "OPERATIONAL_NOTE"
        },
        {
          "type": "OPERATIONAL_NOTE"
        },
        {
          "type": "OPERATIONAL_NOTE_ALERT"
        },
        {
          "type": "OPERATIONAL_NOTE"
        },
        {
          "type": "OPERATIONAL_NOTE"
        }
      ],
      "flightTime": 0,
      "blockTime": 52,
      "crew": [],
      "aircraft": "App CJ3+",
      "distance": 160.0,
      "postFlightClosed": false,
      "status": "CANCELED"
    },
    {
      "id": "13235265",
      "departureAirport": "MYNN",
      "arrivalAirport": "KTEB",
      "arrivalDate": "2025-12-31T19:01",
      "arrivalDateUTC": "2026-01-01T00:01",
      "departureDate": "2025-12-31T16:00",
      "departureDateUTC": "2025-12-31T21:00",
      "pax": 3,
      "workflow": "PRIVATE",
      "departureAirportObj": {
        "icao": "MYNN",
        "iata": "NAS",
        "name": "Lynden Pindling International",
        "faa": null,
        "localIdentifier": "MYNN",
        "aid": "APT-XE2A-9GAX",
        "id": 21448
      },
      "arrivalAirportObj": {
        "icao": "KTEB",
        "iata": "TEB",
        "name": "Teterboro",
        "faa": "TEB",
        "localIdentifier": "TEB",
        "aid": "APT-CQ9K-5CIO",
        "id": 19411
      },
      "workflowCustomName": "App Booking",
      "warnings": [
        {
          "type": "OPERATIONAL_NOTE"
        },
        {
          "type": "OPERATIONAL_NOTE"
        },
        {
          "type": "OPERATIONAL_NOTE_ALERT"
        },
        {
          "type": "OPERATIONAL_NOTE_ALERT"
        },
        {
          "type": "OPERATIONAL_NOTE"
        },
        {
          "type": "OPERATIONAL_NOTE_ALERT"
        },
        {
          "type": "OPERATIONAL_NOTE"
        },
        {
          "type": "OPERATIONAL_NOTE"
        },
        {
          "type": "OPERATIONAL_NOTE"
        },
        {
          "type": "OPERATIONAL_NOTE"
        },
        {
          "type": "OPERATIONAL_NOTE"
        },
        {
          "type": "OPERATIONAL_NOTE"
        }
      ],
      "flightTime": 169,
      "blockTime": 181,
      "crew": [],
      "aircraft": "App CJ3+",
      "distance": 964.0,
      "postFlightClosed": false,
      "status": "OK",
      "flightNumber": ""
    }
  ],
  "customer": {
    "internalId": 395649,
    "firstName": "James",
    "lastName": "Teetzel",
    "logName": "jteetzel@airsprint.com",
    "acronym": "JRT",
    "salutation": "Prof_Dr",
    "account": {
      "name": "JimJets",
      "phone": "+4700026058",
      "mobile": "+4937917804",
      "address": {
        "type": "HOME",
        "street": "Montoyastraße",
        "city": "Port Emilyburgh",
        "zip": "36684",
        "country": "CA",
        "latitude": 0.0,
        "longitude": 0.0,
        "state": "AB",
        "links": []
      },
      "vatNumber": "987654321",
      "accountid": 102244,
      "notes": "Does this appear in the API? Or the DataLake?",
      "accountNumber": "102244",
      "links": []
    },
    "birthDate": "1967-02-05",
    "birthPlace": "",
    "status": "ACTIVE",
    "personnelNumber": "763",
    "weight": 0.0,
    "links": []
  },
  "comment": "Passengers: Megan Webb, Haddin Meier, Mariya Besadina\n\nGround Transportation:\n  - Leg 1: No\n  - Leg 2: No\n  - Leg 3: No\n\nCatering:\n  - Leg 1: No\n  - Leg 2: No\n  - Leg 3: No",
  "price": {
    "charterCost": 0.0,
    "gross": 39440.0,
    "net": 39440.0,
    "vat": 0.0,
    "fet": 0.0,
    "tax": 0.0,
    "vatPerc": 0.0,
    "currency": "CAD",
    "exchangeRate": 1
  },
  "status": "W",
  "bookingIdentifier": "IKOLF",
  "bookingid": 3641677,
  "workflow": "PRIVATE",
  "workflowCustomName": "App Booking",
  "origin": "WEB",
  "salesPerson": {
    "internalId": 422751,
    "firstName": "Kimberley",
    "lastName": "Atkinson",
    "logName": "katkinson@airsprint.com",
    "salutation": "Mrs",
    "gender": "FEMALE",
    "birthDate": "1986-07-11",
    "birthPlace": "Edmunston",
    "status": "ACTIVE",
    "personnelNumber": "732",
    "links": []
  },
  "createdDate": 1764022522494,
  "postFlightClosed": false,
  "links": []
}