{
  "externalReference": "b63be81f-ade5-4b45-b188-254ff311df04",
  "aircraft": "App CJ3+",
  "aircraftObj": {
    "tailNumber": "App CJ3+",
    "numberOfSeats": 7,
    "type": "C25A",
    "model": "Citation CJ2",
    "typeName": "Citation CJ3+",
    "homebase": null,
    "equipment": null,
    "wingSpan": 15.138,
    "maxFuel": 0.0,
    "externalLength": 14.529,
    "externalHeight": 4.267,
    "cabinHeight": 1.499,
    "cabinLength": 4.14,
    "cabinWidth": 1.422,
    "category": "LIGHT_JET",
    "keyAccountManager": null,
    "flightNumberToken": "",
    "subcharter": null,
    "cargo": null,
    "ambulance": null,
    "id": 7393,
    "aircraftName": "Citation CJ3+",
    "aocNumber": null,
    "status": "ACTIVE",
    "manufacturingDate": 2015,
    "refurbishedInt": null,
    "refurbished": null,
    "cabinCrew": 0,
    "bedsN": null,
    "beltedToilet": true,
    "ownersApprovalRequired": false
  },
  "legs": [
    {
      "id": "13235254",
      "departureAirport": "CYWG",
      "arrivalAirport": "KSDL",
      "arrivalDate": "2026-01-07T15:35",
      "arrivalDateUTC": "2026-01-07T22:35",
      "departureDate": "2026-01-07T13:00",
      "departureDateUTC": "2026-01-07T19:00",
      "pax": 3,
      "workflow": "PRIVATE",
      "departureAirportObj": {
        "icao": "CYWG",
        "iata": "YWG",
        "name": "Winnipeg James Armstrong Richardson International",
        "faa": null,
        "localIdentifier": null,
        "aid": "APT-QDUP-EV0V",
        "id": 14315
      },
      "arrivalAirportObj": {
        "icao": "KSDL",
        "iata": "SCF",
        "name": "Scottsdale",
        "faa": "SDL",
        "localIdentifier": "SDL",
        "aid": "APT-KMD3-S1T4",
        "id": 19261
      },
      "workflowCustomName": "FEX As Available",
      "warnings": [
        {
          "type": "OPERATIONAL_NOTE"
        },
        {
          "type": "OPERATIONAL_NOTE_ALERT"
        },
        {
          "type": "OPERATIONAL_NOTE_ALERT"
        },
        {
          "type": "OPERATIONAL_NOTE"
        },
        {
          "type": "OPERATIONAL_NOTE"
        },
        {
          "type": "OPERATIONAL_NOTE_ALERT"
        },
        {
          "type": "OPERATIONAL_NOTE"
        },
        {
          "type": "OPERATIONAL_NOTE"
        },
        {
          "type": "OPERATIONAL_NOTE"
        }
      ],
      "flightTime": 203,
      "blockTime": 215,
      "flightInfo": {
        "dossierNumber": null,
        "referenceNumber": null,
        "flightType": null,
        "flightId": 1043377,
        "fplType": "G"
      },
      "crew": [],
      "aircraft": "App CJ3+",
      "distance": 1173.0,
      "postFlightClosed": false,
      "status": "OK"
    },
    {
      "id": "13235255",
      "departureAirport": "KSDL",
      "arrivalAirport": "CYWG",
      "arrivalDate": "2026-01-12T21:05",
      "arrivalDateUTC": "2026-01-13T03:05",
      "departureDate": "2026-01-12T16:30",
      "departureDateUTC": "2026-01-12T23:30",
      "pax": 3,
      "workflow": "PRIVATE",
      "departureAirportObj": {
        "icao": "KSDL",
        "iata": "SCF",
        "name": "Scottsdale",
        "faa": "SDL",
        "localIdentifier": "SDL",
        "aid": "APT-KMD3-S1T4",
        "id": 19261
      },
      "arrivalAirportObj": {
        "icao": "CYWG",
        "iata": "YWG",
        "name": "Winnipeg James Armstrong Richardson International",
        "faa": null,
        "localIdentifier": null,
        "aid": "APT-QDUP-EV0V",
        "id": 14315
      },
      "workflowCustomName": "FEX Guaranteed",
      "warnings": [
        {
          "type": "OPERATIONAL_NOTE_ALERT"
        },
        {
          "type": "OPERATIONAL_NOTE"
        },
        {
          "type": "OPERATIONAL_NOTE"
        },
        {
          "type": "OPERATIONAL_NOTE"
        },
        {
          "type": "OPERATIONAL_NOTE"
        },
        {
          "type": "OPERATIONAL_NOTE"
        },
        {
          "type": "OPERATIONAL_NOTE_ALERT"
        },
        {
          "type": "OPERATIONAL_NOTE_ALERT"
        },
        {
          "type": "OPERATIONAL_NOTE"
        }
      ],
      "flightTime": 203,
      "blockTime": 215,
      "flightInfo": {
        "dossierNumber": null,
        "referenceNumber": null,
        "flightType": null,
        "flightId": 1043378,
        "fplType": "G"
      },
      "crew": [],
      "aircraft": "App CJ3+",
      "distance": 1173.0,
      "postFlightClosed": false,
      "status": "OK"
    }
  ],
  "customer": {
    "internalId": 821944,
    "firstName": "Mariya",
    "lastName": "Besadina",
    "logName": "motiv@airsprint.com",
    "salutation": "unDef",
    "account": {
      "name": "MOTIV Digital",
      "accountid": 162568,
      "notes": "TEST ACCOUNT FOR NEW OWNER APP",
      "accountNumber": "162568",
      "links": []
    },
    "gender": "FEMALE",
    "status": "ACTIVE",
    "links": []
  },
  "comment": "Passengers: Jem Herrera, James Ding, Andrea Sanchez\n\nPets: fluffy\n\nGround Transportation:\n  - Leg 1: Yes, Type: ARRIVAL | Arrival — Method: LIMO_AND_DRIVER; Drop-off: North Scottsdale Road, Scottsdale, AZ, 85254\n  - Leg 2: No\n\nCatering:\n  - Leg 1: chicken sandwiches\n  - Leg 2: Hot dogs and fries\n\nLeg Notes:\n  - Leg 2: I want one of the newest jets",
  "price": {
    "charterCost": 0.0,
    "gross": 24750.0,
    "net": 24750.0,
    "vat": 0.0,
    "fet": 0.0,
    "tax": 0.0,
    "vatPerc": 0.0,
    "currency": "CAD",
    "exchangeRate": 1
  },
  "status": "W",
  "bookingIdentifier": "ITOVQ",
  "bookingid": 3641674,
  "workflow": "PRIVATE",
  "workflowCustomName": "App Booking",
  "origin": "WEB",
  "salesPerson": {
    "internalId": 422751,
    "firstName": "Kimberley",
    "lastName": "Atkinson",
    "logName": "katkinson@airsprint.com",
    "salutation": "Mrs",
    "gender": "FEMALE",
    "birthDate": "1986-07-11",
    "birthPlace": "Edmunston",
    "status": "ACTIVE",
    "personnelNumber": "732",
    "links": []
  },
  "createdDate": 1764019952213,
  "postFlightClosed": false,
  "links": []
}