{
  "externalReference": "259d2dde-95ec-4952-8242-5ed416e35be1",
  "aircraft": "App CJ2+",
  "aircraftObj": {
    "tailNumber": "App CJ2+",
    "numberOfSeats": 7,
    "type": "C25A",
    "model": "Citation CJ2",
    "typeName": "Citation CJ2+",
    "homebase": null,
    "equipment": null,
    "wingSpan": 15.138,
    "maxFuel": 0.0,
    "externalLength": 14.529,
    "externalHeight": 4.267,
    "cabinHeight": 1.499,
    "cabinLength": 4.14,
    "cabinWidth": 1.422,
    "category": "LIGHT_JET",
    "keyAccountManager": null,
    "flightNumberToken": "",
    "subcharter": null,
    "cargo": null,
    "ambulance": null,
    "id": 7392,
    "aircraftName": "Citation CJ2+",
    "aocNumber": null,
    "status": "ACTIVE",
    "manufacturingDate": 2015,
    "refurbishedInt": null,
    "refurbished": null,
    "cabinCrew": 0,
    "bedsN": null,
    "beltedToilet": true,
    "ownersApprovalRequired": false
  },
  "legs": [
    {
      "id": "13235167",
      "departureAirport": "KCVG",
      "arrivalAirport": "MROC",
      "arrivalDate": "2025-12-06T16:53",
      "arrivalDateUTC": "2025-12-06T22:53",
      "departureDate": "2025-12-06T12:45",
      "departureDateUTC": "2025-12-06T17:45",
      "pax": 4,
      "workflow": "PRIVATE",
      "departureAirportObj": {
        "icao": "KCVG",
        "iata": "CVG",
        "name": "Cincinnati - Northern Kentucky International",
        "faa": "CVG",
        "localIdentifier": "CVG",
        "aid": "APT-7O5H-0R20",
        "id": 17792
      },
      "arrivalAirportObj": {
        "icao": "MROC",
        "iata": "SJO",
        "name": "Juan Santamaría International",
        "faa": null,
        "localIdentifier": null,
        "aid": "APT-00I2-HHG7",
        "id": 21342
      },
      "workflowCustomName": "App Booking",
      "warnings": [
        {
          "type": "OPERATIONAL_NOTE_ALERT"
        },
        {
          "type": "OPERATIONAL_NOTE"
        },
        {
          "type": "OPERATIONAL_NOTE"
        },
        {
          "type": "OPERATIONAL_NOTE"
        },
        {
          "type": "OPERATIONAL_NOTE_ALERT"
        },
        {
          "type": "FUEL_STOP"
        },
        {
          "type": "OPERATIONAL_NOTE_ALERT"
        },
        {
          "type": "OPERATIONAL_NOTE_ALERT"
        },
        {
          "type": "OPERATIONAL_NOTE"
        },
        {
          "type": "OPERATIONAL_NOTE"
        },
        {
          "type": "OPERATIONAL_NOTE"
        },
        {
          "type": "OPERATIONAL_NOTE"
        },
        {
          "type": "OPERATIONAL_NOTE"
        },
        {
          "type": "OPERATIONAL_NOTE"
        },
        {
          "type": "OPERATIONAL_NOTE_ALERT"
        },
        {
          "type": "OPERATIONAL_NOTE"
        }
      ],
      "flightTime": 296,
      "blockTime": 308,
      "crew": [],
      "aircraft": "App CJ2+",
      "distance": 1745.0,
      "postFlightClosed": false,
      "status": "OK"
    },
    {
      "id": "13235168",
      "departureAirport": "MROC",
      "arrivalAirport": "CZBB",
      "arrivalDate": "2025-12-09T01:37",
      "arrivalDateUTC": "2025-12-09T09:37",
      "departureDate": "2025-12-08T19:00",
      "departureDateUTC": "2025-12-09T01:00",
      "pax": 3,
      "workflow": "PRIVATE",
      "departureAirportObj": {
        "icao": "MROC",
        "iata": "SJO",
        "name": "Juan Santamaría International",
        "faa": null,
        "localIdentifier": null,
        "aid": "APT-00I2-HHG7",
        "id": 21342
      },
      "arrivalAirportObj": {
        "icao": "CZBB",
        "iata": "YDT",
        "name": "Vancouver - Boundary Bay",
        "faa": null,
        "localIdentifier": "CZBB",
        "aid": "APT-QLG3-JUGD",
        "id": 14377
      },
      "workflowCustomName": "App Booking",
      "warnings": [
        {
          "type": "OPERATIONAL_NOTE"
        },
        {
          "type": "OPERATIONAL_NOTE_ALERT"
        },
        {
          "type": "OPERATIONAL_NOTE"
        },
        {
          "type": "OPERATIONAL_NOTE"
        },
        {
          "type": "OPERATIONAL_NOTE"
        },
        {
          "type": "OPERATIONAL_NOTE_ALERT"
        },
        {
          "type": "OPERATIONAL_NOTE"
        },
        {
          "type": "OPERATIONAL_NOTE_ALERT"
        },
        {
          "type": "OPERATIONAL_NOTE"
        },
        {
          "type": "FUEL_STOP"
        },
        {
          "type": "OPERATIONAL_NOTE"
        },
        {
          "type": "OPERATIONAL_NOTE"
        },
        {
          "type": "OPERATIONAL_NOTE_ALERT"
        },
        {
          "type": "OPERATIONAL_NOTE"
        },
        {
          "type": "OPERATIONAL_NOTE_ALERT"
        },
        {
          "type": "OPERATIONAL_NOTE"
        },
        {
          "type": "OPERATIONAL_NOTE"
        },
        {
          "type": "OPERATIONAL_NOTE_ALERT"
        }
      ],
      "flightTime": 505,
      "blockTime": 517,
      "crew": [],
      "aircraft": "App CJ2+",
      "distance": 3042.0,
      "postFlightClosed": false,
      "status": "OK"
    }
  ],
  "customer": {
    "internalId": 821944,
    "firstName": "Mariya",
    "lastName": "Besadina",
    "logName": "motiv@airsprint.com",
    "salutation": "unDef",
    "account": {
      "name": "MOTIV Digital",
      "accountid": 162568,
      "notes": "TEST ACCOUNT FOR NEW OWNER APP",
      "accountNumber": "162568",
      "links": []
    },
    "gender": "FEMALE",
    "status": "ACTIVE",
    "links": []
  },
  "comment": "Passengers: Clark Lai, James Teetzel, Jiasheng Lu, Jem Herrera, Riley Teetzel, James Ding\n\nGround Transportation:\n  - Leg 1: Yes, Type: DEPARTURE | Departure — Method: COMPACT_RENTAL_CAR\n  - Leg 2: No\n\nCatering:\n  - Leg 1: Cold Tea\n  - Leg 2: Coffee",
  "price": {
    "charterCost": 0.0,
    "gross": 84530.0,
    "net": 84530.0,
    "vat": 0.0,
    "fet": 0.0,
    "tax": 0.0,
    "vatPerc": 0.0,
    "currency": "CAD",
    "exchangeRate": 1
  },
  "status": "W",
  "bookingIdentifier": "ANWEP",
  "bookingid": 3641636,
  "workflow": "PRIVATE",
  "workflowCustomName": "App Booking",
  "origin": "WEB",
  "salesPerson": {
    "internalId": 422751,
    "firstName": "Kimberley",
    "lastName": "Atkinson",
    "logName": "katkinson@airsprint.com",
    "salutation": "Mrs",
    "gender": "FEMALE",
    "birthDate": "1986-07-11",
    "birthPlace": "Edmunston",
    "status": "ACTIVE",
    "personnelNumber": "732",
    "links": []
  },
  "createdDate": 1763851842469,
  "postFlightClosed": false,
  "links": []
}