{
  "externalReference": "591e24b0-0019-4c3d-b5d3-b242f2929529",
  "aircraft": "App CJ3+",
  "aircraftObj": {
    "tailNumber": "App CJ3+",
    "numberOfSeats": 7,
    "type": "C25A",
    "model": "Citation CJ2",
    "typeName": "Citation CJ3+",
    "homebase": null,
    "equipment": null,
    "wingSpan": 15.138,
    "maxFuel": 0.0,
    "externalLength": 14.529,
    "externalHeight": 4.267,
    "cabinHeight": 1.499,
    "cabinLength": 4.14,
    "cabinWidth": 1.422,
    "category": "LIGHT_JET",
    "keyAccountManager": null,
    "flightNumberToken": "",
    "subcharter": null,
    "cargo": null,
    "ambulance": null,
    "id": 7393,
    "aircraftName": "Citation CJ3+",
    "aocNumber": null,
    "status": "ACTIVE",
    "manufacturingDate": 2015,
    "refurbishedInt": null,
    "refurbished": null,
    "cabinCrew": 0,
    "bedsN": null,
    "beltedToilet": true,
    "ownersApprovalRequired": false
  },
  "legs": [
    {
      "id": "13235406",
      "departureAirport": "CYYC",
      "arrivalAirport": "CYVR",
      "arrivalDate": "2026-01-08T08:55",
      "arrivalDateUTC": "2026-01-08T16:55",
      "departureDate": "2026-01-08T08:30",
      "departureDateUTC": "2026-01-08T15:30",
      "pax": 3,
      "workflow": "PRIVATE",
      "departureAirportObj": {
        "icao": "CYYC",
        "iata": "YYC",
        "name": "Calgary International",
        "faa": null,
        "localIdentifier": null,
        "aid": "APT-4MPB-X5XC",
        "id": 14342
      },
      "arrivalAirportObj": {
        "icao": "CYVR",
        "iata": "YVR",
        "name": "Vancouver International",
        "faa": null,
        "localIdentifier": "CYVR",
        "aid": "APT-ERIM-VQ8C",
        "id": 14310
      },
      "workflowCustomName": "App Booking",
      "warnings": [
        {
          "type": "OPERATIONAL_NOTE_ALERT"
        },
        {
          "type": "OPERATIONAL_NOTE"
        },
        {
          "type": "OPERATIONAL_NOTE"
        },
        {
          "type": "OPERATIONAL_NOTE_ALERT"
        },
        {
          "type": "OPERATIONAL_NOTE"
        },
        {
          "type": "OPERATIONAL_NOTE"
        },
        {
          "type": "OPERATIONAL_NOTE"
        },
        {
          "type": "OPERATIONAL_NOTE"
        },
        {
          "type": "OPERATIONAL_NOTE"
        },
        {
          "type": "OPERATIONAL_NOTE"
        },
        {
          "type": "OPERATIONAL_NOTE"
        },
        {
          "type": "OPERATIONAL_NOTE"
        },
        {
          "type": "OPERATIONAL_NOTE"
        },
        {
          "type": "OPERATIONAL_NOTE"
        },
        {
          "type": "OPERATIONAL_NOTE"
        }
      ],
      "flightTime": 73,
      "blockTime": 85,
      "crew": [],
      "aircraft": "App CJ3+",
      "distance": 371.0,
      "postFlightClosed": false,
      "status": "OK"
    },
    {
      "id": "13235407",
      "departureAirport": "CYVR",
      "arrivalAirport": "CYLW",
      "arrivalDate": "2026-01-08T12:50",
      "arrivalDateUTC": "2026-01-08T20:50",
      "departureDate": "2026-01-08T12:00",
      "departureDateUTC": "2026-01-08T20:00",
      "pax": 3,
      "workflow": "PRIVATE",
      "departureAirportObj": {
        "icao": "CYVR",
        "iata": "YVR",
        "name": "Vancouver International",
        "faa": null,
        "localIdentifier": "CYVR",
        "aid": "APT-ERIM-VQ8C",
        "id": 14310
      },
      "arrivalAirportObj": {
        "icao": "CYLW",
        "iata": "YLW",
        "name": "Kelowna International",
        "faa": null,
        "localIdentifier": null,
        "aid": "APT-II26-Y3RC",
        "id": 14177
      },
      "workflowCustomName": "App Booking",
      "warnings": [
        {
          "type": "OPERATIONAL_NOTE"
        },
        {
          "type": "OPERATIONAL_NOTE"
        },
        {
          "type": "OPERATIONAL_NOTE"
        },
        {
          "type": "OPERATIONAL_NOTE"
        },
        {
          "type": "OPERATIONAL_NOTE_ALERT"
        },
        {
          "type": "OPERATIONAL_NOTE"
        },
        {
          "type": "OPERATIONAL_NOTE"
        },
        {
          "type": "OPERATIONAL_NOTE"
        },
        {
          "type": "OPERATIONAL_NOTE_ALERT"
        },
        {
          "type": "OPERATIONAL_NOTE"
        },
        {
          "type": "OPERATIONAL_NOTE"
        }
      ],
      "flightTime": 38,
      "blockTime": 50,
      "crew": [],
      "aircraft": "App CJ3+",
      "distance": 155.0,
      "postFlightClosed": false,
      "status": "OK"
    },
    {
      "id": "13235408",
      "departureAirport": "CYLW",
      "arrivalAirport": "CYBW",
      "arrivalDate": "2026-01-08T21:59",
      "arrivalDateUTC": "2026-01-09T04:59",
      "departureDate": "2026-01-08T20:00",
      "departureDateUTC": "2026-01-09T04:00",
      "pax": 5,
      "workflow": "PRIVATE",
      "departureAirportObj": {
        "icao": "CYLW",
        "iata": "YLW",
        "name": "Kelowna International",
        "faa": null,
        "localIdentifier": null,
        "aid": "APT-II26-Y3RC",
        "id": 14177
      },
      "arrivalAirportObj": {
        "icao": "CYBW",
        "iata": null,
        "name": "Calgary Springbank",
        "faa": null,
        "localIdentifier": null,
        "aid": "APT-TEZI-BCNK",
        "id": 14049
      },
      "workflowCustomName": "App Booking",
      "warnings": [
        {
          "type": "OPERATIONAL_NOTE"
        },
        {
          "type": "FTL_RED"
        },
        {
          "type": "OPERATIONAL_NOTE"
        },
        {
          "type": "OPERATIONAL_NOTE_ALERT"
        },
        {
          "type": "OPERATIONAL_NOTE"
        },
        {
          "type": "OPERATIONAL_NOTE"
        },
        {
          "type": "OPERATIONAL_NOTE"
        },
        {
          "type": "OPERATIONAL_NOTE_ALERT"
        },
        {
          "type": "OPERATIONAL_NOTE"
        },
        {
          "type": "OPERATIONAL_NOTE"
        },
        {
          "type": "OPERATIONAL_NOTE"
        },
        {
          "type": "OPERATIONAL_NOTE"
        }
      ],
      "flightTime": 47,
      "blockTime": 59,
      "crew": [],
      "aircraft": "App CJ3+",
      "distance": 203.0,
      "postFlightClosed": false,
      "status": "OK"
    }
  ],
  "customer": {
    "internalId": 395649,
    "firstName": "James",
    "lastName": "Teetzel",
    "logName": "jteetzel@airsprint.com",
    "acronym": "JRT",
    "salutation": "Prof_Dr",
    "account": {
      "name": "JimJets",
      "phone": "+4700026058",
      "mobile": "+4937917804",
      "address": {
        "type": "HOME",
        "street": "Montoyastraße",
        "city": "Port Emilyburgh",
        "zip": "36684",
        "country": "CA",
        "latitude": 0.0,
        "longitude": 0.0,
        "state": "AB",
        "links": []
      },
      "vatNumber": "987654321",
      "accountid": 102244,
      "notes": "Does this appear in the API? Or the DataLake?",
      "accountNumber": "102244",
      "links": []
    },
    "birthDate": "1967-02-05",
    "birthPlace": "",
    "status": "ACTIVE",
    "personnelNumber": "763",
    "weight": 0.0,
    "links": []
  },
  "comment": "Passengers: Haddin Meier, Adriana Bernal, James Teetzel, Elizabeth Carey, Kimberley Atkinson\n\nGround Transportation:\n  - Leg 1: No\n  - Leg 2: No\n  - Leg 3: No\n\nCatering:\n  - Leg 1: No\n  - Leg 2: No\n  - Leg 3: No",
  "price": {
    "charterCost": 0.0,
    "gross": 9280.0,
    "net": 9280.0,
    "vat": 0.0,
    "fet": 0.0,
    "tax": 0.0,
    "vatPerc": 0.0,
    "currency": "CAD",
    "exchangeRate": 1
  },
  "status": "W",
  "bookingIdentifier": "USERM",
  "bookingid": 3641723,
  "workflow": "PRIVATE",
  "workflowCustomName": "App Booking",
  "origin": "WEB",
  "salesPerson": {
    "internalId": 422751,
    "firstName": "Kimberley",
    "lastName": "Atkinson",
    "logName": "katkinson@airsprint.com",
    "salutation": "Mrs",
    "gender": "FEMALE",
    "birthDate": "1986-07-11",
    "birthPlace": "Edmunston",
    "status": "ACTIVE",
    "personnelNumber": "732",
    "links": []
  },
  "createdDate": 1764275055328,
  "postFlightClosed": false,
  "links": []
}