{
  "externalReference": "844a1436-6d79-459f-9f13-3cf2df595058",
  "aircraft": "Add CJ3+ West",
  "aircraftObj": {
    "tailNumber": "Add CJ3+ West",
    "numberOfSeats": 7,
    "type": "C25B",
    "model": "Citation CJ3",
    "typeName": "Citation CJ3+",
    "homebase": null,
    "equipment": {
      "v110": true,
      "v230": false,
      "headsets": false,
      "tv": false,
      "cd_dvd": false,
      "wifi": true,
      "satPhone": true,
      "satTV": false,
      "entertainmentSystem": false,
      "lavatory": true,
      "enclosedLavatory": true,
      "coffeePot": true,
      "espresso": false,
      "iceBin": true,
      "microwaveOven": false,
      "warmingOven": false,
      "smokingAllowed": false,
      "petsAllowed": true,
      "baggageVolume": 1.8406,
      "maxWeight": 408.0,
      "standardSuitcases": null,
      "skiTube": true,
      "golfBags": true
    },
    "wingSpan": 16.256,
    "maxFuel": 0.0,
    "externalLength": 15.596,
    "externalHeight": 4.623,
    "cabinHeight": 1.397,
    "cabinLength": 4.724,
    "cabinWidth": 1.422,
    "category": "LIGHT_JET",
    "keyAccountManager": null,
    "flightNumberToken": "",
    "subcharter": null,
    "cargo": true,
    "ambulance": null,
    "id": 6293,
    "aircraftName": "Citation CJ3+",
    "aocNumber": null,
    "status": "ACTIVE",
    "manufacturingDate": 2020,
    "refurbishedInt": null,
    "refurbished": null,
    "cabinCrew": 0,
    "bedsN": null,
    "beltedToilet": true,
    "ownersApprovalRequired": false
  },
  "legs": [
    {
      "id": "13235245",
      "departureAirport": "CYPK",
      "arrivalAirport": "KSAN",
      "arrivalDate": "2025-12-04T12:11",
      "arrivalDateUTC": "2025-12-04T20:11",
      "departureDate": "2025-12-04T09:00",
      "departureDateUTC": "2025-12-04T17:00",
      "pax": 3,
      "workflow": "PRIVATE",
      "departureAirportObj": {
        "icao": "CYPK",
        "iata": null,
        "name": "Pitt Meadows",
        "faa": null,
        "localIdentifier": null,
        "aid": "APT-C2QI-S600",
        "id": 14217
      },
      "arrivalAirportObj": {
        "icao": "KSAN",
        "iata": "SAN",
        "name": "San Diego International",
        "faa": "SAN",
        "localIdentifier": "SAN",
        "aid": "APT-NXH8-BUPR",
        "id": 19236
      },
      "workflowCustomName": "FEX As Available",
      "warnings": [
        {
          "type": "OPERATIONAL_NOTE"
        },
        {
          "type": "SCHEDULE_OVERLAP"
        },
        {
          "type": "OPERATIONAL_NOTE"
        },
        {
          "type": "OPERATIONAL_NOTE"
        },
        {
          "type": "OPERATIONAL_NOTE"
        },
        {
          "type": "OPERATIONAL_NOTE"
        },
        {
          "type": "OPERATIONAL_NOTE"
        },
        {
          "type": "OPERATIONAL_NOTE"
        },
        {
          "type": "OPERATIONAL_NOTE"
        },
        {
          "type": "OPERATIONAL_NOTE_ALERT"
        },
        {
          "type": "OPERATIONAL_NOTE"
        }
      ],
      "flightTime": 179,
      "blockTime": 191,
      "flightInfo": {
        "dossierNumber": null,
        "referenceNumber": null,
        "flightType": null,
        "flightId": 1043372,
        "fplType": "G"
      },
      "crew": [],
      "aircraft": "Add CJ3+ West",
      "distance": 1020.0,
      "postFlightClosed": false,
      "status": "OK"
    },
    {
      "id": "13235246",
      "departureAirport": "KSAN",
      "arrivalAirport": "CYWG",
      "arrivalDate": "2025-12-04T22:06",
      "arrivalDateUTC": "2025-12-05T04:06",
      "departureDate": "2025-12-04T16:00",
      "departureDateUTC": "2025-12-05T00:00",
      "pax": 3,
      "workflow": "PRIVATE",
      "departureAirportObj": {
        "icao": "KSAN",
        "iata": "SAN",
        "name": "San Diego International",
        "faa": "SAN",
        "localIdentifier": "SAN",
        "aid": "APT-NXH8-BUPR",
        "id": 19236
      },
      "arrivalAirportObj": {
        "icao": "CYWG",
        "iata": "YWG",
        "name": "Winnipeg James Armstrong Richardson International",
        "faa": null,
        "localIdentifier": null,
        "aid": "APT-QDUP-EV0V",
        "id": 14315
      },
      "workflowCustomName": "FEX As Available",
      "warnings": [
        {
          "type": "OPERATIONAL_NOTE"
        },
        {
          "type": "OPERATIONAL_NOTE"
        },
        {
          "type": "OPERATIONAL_NOTE"
        },
        {
          "type": "OPERATIONAL_NOTE"
        },
        {
          "type": "OPERATIONAL_NOTE"
        },
        {
          "type": "OPERATIONAL_NOTE"
        },
        {
          "type": "OPERATIONAL_NOTE"
        },
        {
          "type": "SCHEDULE_OVERLAP"
        },
        {
          "type": "OPERATIONAL_NOTE"
        }
      ],
      "flightTime": 234,
      "blockTime": 246,
      "flightInfo": {
        "dossierNumber": null,
        "referenceNumber": null,
        "flightType": null,
        "flightId": 1043373,
        "fplType": "G"
      },
      "crew": [],
      "aircraft": "Add CJ3+ West",
      "distance": 1360.0,
      "postFlightClosed": false,
      "status": "OK"
    }
  ],
  "customer": {
    "internalId": 395649,
    "firstName": "James",
    "lastName": "Teetzel",
    "logName": "jteetzel@airsprint.com",
    "acronym": "JRT",
    "salutation": "Prof_Dr",
    "account": {
      "name": "JimJets",
      "phone": "+4700026058",
      "mobile": "+4937917804",
      "address": {
        "type": "HOME",
        "street": "Montoyastraße",
        "city": "Port Emilyburgh",
        "zip": "36684",
        "country": "CA",
        "latitude": 0.0,
        "longitude": 0.0,
        "state": "AB",
        "links": []
      },
      "vatNumber": "987654321",
      "accountid": 102244,
      "notes": "Does this appear in the API? Or the DataLake?",
      "accountNumber": "102244",
      "links": []
    },
    "birthDate": "1967-02-05",
    "birthPlace": "",
    "status": "ACTIVE",
    "personnelNumber": "763",
    "weight": 0.0,
    "links": []
  },
  "comment": "Passengers: James Teetzel, Kimberley Atkinson, Elizabeth Carey\n\nGround Transportation:\n  - Leg 1: No\n  - Leg 2: Yes, Type: DEPARTURE | Departure — Method: SUV_RENTAL_CAR\n\nCatering:\n  - Leg 1: No\n  - Leg 2: No\n\nLeg Notes:\n  - Leg 1: no\n  - Leg 2: yes",
  "price": {
    "charterCost": 0.0,
    "gross": 25150.0,
    "net": 25150.0,
    "vat": 0.0,
    "fet": 0.0,
    "tax": 0.0,
    "vatPerc": 0.0,
    "currency": "CAD",
    "exchangeRate": 1
  },
  "quoteNumber": "A-BE25-898699",
  "status": "B",
  "bookingIdentifier": "AZOXK",
  "bookingid": 3641673,
  "workflow": "PRIVATE",
  "workflowCustomName": "FEX As Available",
  "origin": "WEB",
  "salesPerson": {
    "internalId": 422751,
    "firstName": "Kimberley",
    "lastName": "Atkinson",
    "logName": "katkinson@airsprint.com",
    "salutation": "Mrs",
    "gender": "FEMALE",
    "birthDate": "1986-07-11",
    "birthPlace": "Edmunston",
    "status": "ACTIVE",
    "personnelNumber": "732",
    "links": []
  },
  "createdDate": 1764018748284,
  "bookingDateUTC": "2025-11-24T21:23",
  "postFlightClosed": false,
  "links": []
}