{
  "externalReference": "c561a65e-3aca-4acb-87c0-9f55b4f91d2c",
  "aircraft": "Add CJ3+ West",
  "aircraftObj": {
    "tailNumber": "Add CJ3+ West",
    "numberOfSeats": 7,
    "type": "C25B",
    "model": "Citation CJ3",
    "typeName": "Citation CJ3+",
    "homebase": null,
    "equipment": {
      "v110": true,
      "v230": false,
      "headsets": false,
      "tv": false,
      "cd_dvd": false,
      "wifi": true,
      "satPhone": true,
      "satTV": false,
      "entertainmentSystem": false,
      "lavatory": true,
      "enclosedLavatory": true,
      "coffeePot": true,
      "espresso": false,
      "iceBin": true,
      "microwaveOven": false,
      "warmingOven": false,
      "smokingAllowed": false,
      "petsAllowed": true,
      "baggageVolume": 1.8406,
      "maxWeight": 408.0,
      "standardSuitcases": null,
      "skiTube": true,
      "golfBags": true
    },
    "wingSpan": 16.256,
    "maxFuel": 0.0,
    "externalLength": 15.596,
    "externalHeight": 4.623,
    "cabinHeight": 1.397,
    "cabinLength": 4.724,
    "cabinWidth": 1.422,
    "category": "LIGHT_JET",
    "keyAccountManager": null,
    "flightNumberToken": "",
    "subcharter": null,
    "cargo": true,
    "ambulance": null,
    "id": 6293,
    "aircraftName": "Citation CJ3+",
    "aocNumber": null,
    "status": "ACTIVE",
    "manufacturingDate": 2020,
    "refurbishedInt": null,
    "refurbished": null,
    "cabinCrew": 0,
    "bedsN": null,
    "beltedToilet": true,
    "ownersApprovalRequired": false
  },
  "legs": [
    {
      "id": "13235381",
      "departureAirport": "CYEG",
      "arrivalAirport": "KSLC",
      "arrivalDate": "2025-11-28T10:57",
      "arrivalDateUTC": "2025-11-28T17:57",
      "departureDate": "2025-11-28T08:30",
      "departureDateUTC": "2025-11-28T15:30",
      "pax": 1,
      "workflow": "PRIVATE",
      "departureAirportObj": {
        "icao": "CYEG",
        "iata": "YEG",
        "name": "Edmonton International",
        "faa": null,
        "localIdentifier": null,
        "aid": "APT-PXYJ-NWE3",
        "id": 14083
      },
      "arrivalAirportObj": {
        "icao": "KSLC",
        "iata": "SLC",
        "name": "Salt Lake City International",
        "faa": "SLC",
        "localIdentifier": "SLC",
        "aid": "APT-81N3-FTH3",
        "id": 19307
      },
      "workflowCustomName": "FEX Guaranteed",
      "warnings": [
        {
          "type": "OPERATIONAL_NOTE"
        },
        {
          "type": "OPERATIONAL_NOTE"
        },
        {
          "type": "OPERATIONAL_NOTE"
        },
        {
          "type": "OPERATIONAL_NOTE"
        },
        {
          "type": "OPERATIONAL_NOTE_ALERT"
        },
        {
          "type": "OPERATIONAL_NOTE"
        },
        {
          "type": "SCHEDULE_OVERLAP"
        },
        {
          "type": "OPERATIONAL_NOTE"
        },
        {
          "type": "OPERATIONAL_NOTE"
        },
        {
          "type": "OPERATIONAL_NOTE"
        }
      ],
      "flightTime": 135,
      "blockTime": 147,
      "flightInfo": {
        "dossierNumber": null,
        "referenceNumber": null,
        "flightType": null,
        "flightId": 1043421,
        "fplType": "G"
      },
      "crew": [],
      "aircraft": "Add CJ3+ West",
      "distance": 755.0,
      "postFlightClosed": false,
      "status": "OK"
    }
  ],
  "customer": {
    "internalId": 422751,
    "firstName": "Kimberley",
    "lastName": "Atkinson",
    "logName": "katkinson@airsprint.com",
    "salutation": "Mrs",
    "account": {
      "name": "LINDA by Lisa",
      "accountid": 105956,
      "accountNumber": "105956",
      "links": []
    },
    "gender": "FEMALE",
    "birthDate": "1986-07-11",
    "birthPlace": "Edmunston",
    "status": "ACTIVE",
    "personnelNumber": "732",
    "links": []
  },
  "comment": "Passengers: James Teetzel\n\nGround Transportation:\n  - Leg 1: No\n\nCatering:\n  - Leg 1: No",
  "price": {
    "charterCost": 0.0,
    "gross": 8460.0,
    "net": 8460.0,
    "vat": 0.0,
    "fet": 0.0,
    "tax": 0.0,
    "vatPerc": 0.0,
    "currency": "CAD",
    "exchangeRate": 1
  },
  "status": "B",
  "bookingIdentifier": "EHLUB",
  "bookingid": 3641709,
  "workflow": "PRIVATE",
  "workflowCustomName": "FEX Guaranteed",
  "origin": "WEB",
  "salesPerson": {
    "internalId": 395553,
    "firstName": "Carole",
    "lastName": "Erlam",
    "logName": "cerlam@airsprint.com",
    "acronym": "cme",
    "salutation": "Ms",
    "gender": "FEMALE",
    "birthDate": "1969-02-14",
    "birthPlace": "Bathurst",
    "status": "ACTIVE",
    "personnelNumber": "705",
    "weight": 65.7709,
    "links": []
  },
  "createdDate": 1764264309118,
  "bookingDateUTC": "2025-11-27T17:29",
  "postFlightClosed": false,
  "links": []
}