{
  "externalReference": "dac1968a-7bc8-4898-8f87-0bfdc08e0662",
  "aircraft": "App CJ2+",
  "aircraftObj": {
    "tailNumber": "App CJ2+",
    "numberOfSeats": 7,
    "type": "C25A",
    "model": "Citation CJ2",
    "typeName": "Citation CJ2+",
    "homebase": null,
    "equipment": null,
    "wingSpan": 15.138,
    "maxFuel": 0.0,
    "externalLength": 14.529,
    "externalHeight": 4.267,
    "cabinHeight": 1.499,
    "cabinLength": 4.14,
    "cabinWidth": 1.422,
    "category": "LIGHT_JET",
    "keyAccountManager": null,
    "flightNumberToken": "",
    "subcharter": null,
    "cargo": null,
    "ambulance": null,
    "id": 7392,
    "aircraftName": "Citation CJ2+",
    "aocNumber": null,
    "status": "ACTIVE",
    "manufacturingDate": 2015,
    "refurbishedInt": null,
    "refurbished": null,
    "cabinCrew": 0,
    "bedsN": null,
    "beltedToilet": true,
    "ownersApprovalRequired": false
  },
  "legs": [
    {
      "id": "13235403",
      "departureAirport": "KPBI",
      "arrivalAirport": "TNCM",
      "arrivalDate": "2026-01-03T20:50",
      "arrivalDateUTC": "2026-01-04T00:50",
      "departureDate": "2026-01-03T16:30",
      "departureDateUTC": "2026-01-03T21:30",
      "pax": 4,
      "workflow": "PRIVATE",
      "departureAirportObj": {
        "icao": "KPBI",
        "iata": "PBI",
        "name": "Palm Beach International",
        "faa": "PBI",
        "localIdentifier": "PBI",
        "aid": "APT-HJRP-TGZM",
        "id": 18992
      },
      "arrivalAirportObj": {
        "icao": "TNCM",
        "iata": "SXM",
        "name": "Princess Juliana International",
        "faa": null,
        "localIdentifier": null,
        "aid": "APT-0VF4-BQMI",
        "id": 23961
      },
      "workflowCustomName": "App Booking",
      "warnings": [
        {
          "type": "OPERATIONAL_NOTE_ALERT"
        },
        {
          "type": "FUEL_STOP"
        },
        {
          "type": "OPERATIONAL_NOTE"
        },
        {
          "type": "OPERATIONAL_NOTE"
        },
        {
          "type": "OPERATIONAL_NOTE"
        },
        {
          "type": "OPERATIONAL_NOTE"
        },
        {
          "type": "OPERATIONAL_NOTE"
        },
        {
          "type": "OPERATIONAL_NOTE_ALERT"
        },
        {
          "type": "OPERATIONAL_NOTE_ALERT"
        }
      ],
      "flightTime": 188,
      "blockTime": 200,
      "crew": [],
      "aircraft": "App CJ2+",
      "distance": 1075.0,
      "postFlightClosed": false,
      "status": "OK"
    }
  ],
  "customer": {
    "internalId": 395649,
    "firstName": "James",
    "lastName": "Teetzel",
    "logName": "jteetzel@airsprint.com",
    "acronym": "JRT",
    "salutation": "Prof_Dr",
    "account": {
      "name": "JimJets",
      "phone": "+4700026058",
      "mobile": "+4937917804",
      "address": {
        "type": "HOME",
        "street": "Montoyastraße",
        "city": "Port Emilyburgh",
        "zip": "36684",
        "country": "CA",
        "latitude": 0.0,
        "longitude": 0.0,
        "state": "AB",
        "links": []
      },
      "vatNumber": "987654321",
      "accountid": 102244,
      "notes": "Does this appear in the API? Or the DataLake?",
      "accountNumber": "102244",
      "links": []
    },
    "birthDate": "1967-02-05",
    "birthPlace": "",
    "status": "ACTIVE",
    "personnelNumber": "763",
    "weight": 0.0,
    "links": []
  },
  "comment": "Passengers: Adriana Bernal, James Teetzel, Elizabeth Carey, Kimberley Atkinson\n\nGround Transportation:\n  - Leg 1: No\n  - Leg 2: No\n  - Leg 3: No\n\nCatering:\n  - Leg 1: No\n  - Leg 2: No\n  - Leg 3: No",
  "price": {
    "charterCost": 0.0,
    "gross": 13620.0,
    "net": 13620.0,
    "vat": 0.0,
    "fet": 0.0,
    "tax": 0.0,
    "vatPerc": 0.0,
    "currency": "CAD",
    "exchangeRate": 1
  },
  "status": "W",
  "bookingIdentifier": "UXIVO",
  "bookingid": 3641720,
  "workflow": "PRIVATE",
  "workflowCustomName": "App Booking",
  "origin": "WEB",
  "salesPerson": {
    "internalId": 422751,
    "firstName": "Kimberley",
    "lastName": "Atkinson",
    "logName": "katkinson@airsprint.com",
    "salutation": "Mrs",
    "gender": "FEMALE",
    "birthDate": "1986-07-11",
    "birthPlace": "Edmunston",
    "status": "ACTIVE",
    "personnelNumber": "732",
    "links": []
  },
  "createdDate": 1764273996884,
  "postFlightClosed": false,
  "links": []
}