{
  "externalReference": "25b11183-5cb2-4276-a423-d1cc356f46d8",
  "aircraft": "App CJ3+",
  "aircraftObj": {
    "tailNumber": "App CJ3+",
    "numberOfSeats": 7,
    "type": "C25A",
    "model": "Citation CJ2",
    "typeName": "Citation CJ3+",
    "homebase": null,
    "equipment": null,
    "wingSpan": 15.138,
    "maxFuel": 0.0,
    "externalLength": 14.529,
    "externalHeight": 4.267,
    "cabinHeight": 1.499,
    "cabinLength": 4.14,
    "cabinWidth": 1.422,
    "category": "LIGHT_JET",
    "keyAccountManager": null,
    "flightNumberToken": "",
    "subcharter": null,
    "cargo": null,
    "ambulance": null,
    "id": 7393,
    "aircraftName": "Citation CJ3+",
    "aocNumber": null,
    "status": "ACTIVE",
    "manufacturingDate": 2015,
    "refurbishedInt": null,
    "refurbished": null,
    "cabinCrew": 0,
    "bedsN": null,
    "beltedToilet": true,
    "ownersApprovalRequired": false
  },
  "legs": [
    {
      "id": "13235197",
      "departureAirport": "KDFW",
      "arrivalAirport": "CYQF",
      "arrivalDate": "2025-12-17T16:07",
      "arrivalDateUTC": "2025-12-17T23:07",
      "departureDate": "2025-12-17T13:00",
      "departureDateUTC": "2025-12-17T19:00",
      "pax": 3,
      "workflow": "PRIVATE",
      "departureAirportObj": {
        "icao": "KDFW",
        "iata": "DFW",
        "name": "Dallas-Fort Worth International",
        "faa": "DFW",
        "localIdentifier": "DFW",
        "aid": "APT-OPOH-XB8Y",
        "id": 17843
      },
      "arrivalAirportObj": {
        "icao": "CYQF",
        "iata": "YQF",
        "name": "Red Deer Regional",
        "faa": null,
        "localIdentifier": null,
        "aid": "APT-I044-M0WJ",
        "id": 14235
      },
      "workflowCustomName": "App Booking",
      "warnings": [
        {
          "type": "OPERATIONAL_NOTE"
        },
        {
          "type": "OPERATIONAL_NOTE"
        },
        {
          "type": "OPERATIONAL_NOTE"
        },
        {
          "type": "OPERATIONAL_NOTE_ALERT"
        },
        {
          "type": "OPERATIONAL_NOTE"
        },
        {
          "type": "OPERATIONAL_NOTE"
        },
        {
          "type": "OPERATIONAL_NOTE"
        },
        {
          "type": "SCHEDULE_OVERLAP"
        },
        {
          "type": "OPERATIONAL_NOTE"
        },
        {
          "type": "OPERATIONAL_NOTE"
        },
        {
          "type": "OPERATIONAL_NOTE"
        }
      ],
      "flightTime": 235,
      "blockTime": 247,
      "crew": [],
      "aircraft": "App CJ3+",
      "distance": 1370.0,
      "postFlightClosed": false,
      "status": "OK"
    }
  ],
  "customer": {
    "internalId": 821944,
    "firstName": "Mariya",
    "lastName": "Besadina",
    "logName": "motiv@airsprint.com",
    "salutation": "unDef",
    "account": {
      "name": "MOTIV Digital",
      "accountid": 162568,
      "notes": "TEST ACCOUNT FOR NEW OWNER APP",
      "accountNumber": "162568",
      "links": []
    },
    "gender": "FEMALE",
    "status": "ACTIVE",
    "links": []
  },
  "comment": "Passengers: James Teetzel, Riley Teetzel, James Ding\n\nGround Transportation:\n  - Leg 1: Yes, Type: BOTH | Departure — Method: COMPACT_RENTAL_CAR | Arrival — Method: LIMO_AND_DRIVER; Drop-off: Red Deer Road, Ferintosh, AB\n\nCatering:\n  - Leg 1: No",
  "price": {
    "charterCost": 0.0,
    "gross": 14220.0,
    "net": 14220.0,
    "vat": 0.0,
    "fet": 0.0,
    "tax": 0.0,
    "vatPerc": 0.0,
    "currency": "CAD",
    "exchangeRate": 1
  },
  "status": "W",
  "bookingIdentifier": "BOAVE",
  "bookingid": 3641651,
  "workflow": "PRIVATE",
  "workflowCustomName": "App Booking",
  "origin": "WEB",
  "salesPerson": {
    "internalId": 422751,
    "firstName": "Kimberley",
    "lastName": "Atkinson",
    "logName": "katkinson@airsprint.com",
    "salutation": "Mrs",
    "gender": "FEMALE",
    "birthDate": "1986-07-11",
    "birthPlace": "Edmunston",
    "status": "ACTIVE",
    "personnelNumber": "732",
    "links": []
  },
  "createdDate": 1763931742695,
  "postFlightClosed": false,
  "links": []
}