{
  "externalReference": "8d043d49-3983-4673-9780-cd0cf5d22218",
  "aircraft": "App E550",
  "aircraftObj": {
    "tailNumber": "App E550",
    "numberOfSeats": 9,
    "type": "E545",
    "model": "EMB-545 Legacy 450",
    "typeName": "Legacy 450",
    "homebase": null,
    "equipment": {
      "v110": true,
      "v230": false,
      "headsets": false,
      "tv": true,
      "cd_dvd": true,
      "wifi": true,
      "satPhone": true,
      "satTV": false,
      "entertainmentSystem": false,
      "lavatory": true,
      "enclosedLavatory": true,
      "coffeePot": true,
      "espresso": false,
      "iceBin": true,
      "microwaveOven": true,
      "warmingOven": false,
      "smokingAllowed": false,
      "petsAllowed": true,
      "baggageVolume": 4.2475,
      "maxWeight": 453.0,
      "standardSuitcases": null,
      "skiTube": false,
      "golfBags": true
    },
    "wingSpan": 20.244,
    "maxFuel": 0.0,
    "externalLength": 19.685,
    "externalHeight": 6.477,
    "cabinHeight": 1.829,
    "cabinLength": 7.315,
    "cabinWidth": 2.083,
    "category": "SUPER_MIDSIZE_JET",
    "keyAccountManager": null,
    "flightNumberToken": "",
    "subcharter": null,
    "cargo": true,
    "ambulance": false,
    "id": 6560,
    "aircraftName": "Legacy 450",
    "aocNumber": null,
    "status": "ACTIVE",
    "manufacturingDate": 2019,
    "refurbishedInt": null,
    "refurbished": null,
    "cabinCrew": 0,
    "bedsN": null,
    "beltedToilet": null,
    "ownersApprovalRequired": false
  },
  "legs": [
    {
      "id": "13235393",
      "departureAirport": "CYHZ",
      "arrivalAirport": "EGGW",
      "arrivalDate": "2026-02-05T03:36",
      "arrivalDateUTC": "2026-02-05T03:36",
      "departureDate": "2026-02-04T17:15",
      "departureDateUTC": "2026-02-04T21:15",
      "pax": 3,
      "workflow": "PRIVATE",
      "departureAirportObj": {
        "icao": "CYHZ",
        "iata": "YHZ",
        "name": "Halifax Stanfield International",
        "faa": null,
        "localIdentifier": null,
        "aid": "APT-VSWC-70S6",
        "id": 14138
      },
      "arrivalAirportObj": {
        "icao": "EGGW",
        "iata": "LTN",
        "name": "London Luton",
        "faa": null,
        "localIdentifier": null,
        "aid": "APT-6DMK-X0VI",
        "id": 15345
      },
      "workflowCustomName": "App Booking",
      "warnings": [
        {
          "type": "AIRPORT_AOC_CATEGORY_C"
        },
        {
          "type": "OPERATIONAL_NOTE"
        },
        {
          "type": "AIRPORT_OPENING_HOURS_RESTRICTED"
        },
        {
          "type": "OPERATIONAL_NOTE"
        },
        {
          "type": "OPERATIONAL_NOTE"
        },
        {
          "type": "OPERATIONAL_NOTE_ALERT"
        },
        {
          "type": "OPERATIONAL_NOTE_ALERT"
        },
        {
          "type": "OPERATIONAL_NOTE"
        },
        {
          "type": "OPERATIONAL_NOTE_ALERT"
        },
        {
          "type": "OPERATIONAL_NOTE"
        },
        {
          "type": "OPERATIONAL_NOTE"
        }
      ],
      "flightTime": 369,
      "blockTime": 381,
      "crew": [],
      "aircraft": "App E550",
      "distance": 2472.0,
      "postFlightClosed": false,
      "status": "OK"
    }
  ],
  "customer": {
    "account": {
      "name": "Airsprint Demo Client",
      "accountid": 104294,
      "notes": "",
      "accountNumber": "104294",
      "links": []
    },
    "links": []
  },
  "comment": "Passengers: Elise DB, François Dion, Denise T\n\nGround Transportation:\n  - Leg 1: Yes, Type: ARRIVAL | Arrival — Method: TAXI; Drop-off: Liverpool Street, London, England, EC2M\n\nCatering:\n  - Leg 1: fruit tray",
  "price": {
    "charterCost": 0.0,
    "gross": 62320.0,
    "net": 62320.0,
    "vat": 0.0,
    "fet": 0.0,
    "tax": 0.0,
    "vatPerc": 0.0,
    "currency": "CAD",
    "exchangeRate": 1
  },
  "status": "W",
  "bookingIdentifier": "UXROR",
  "bookingid": 3641715,
  "workflow": "PRIVATE",
  "workflowCustomName": "App Booking",
  "origin": "WEB",
  "salesPerson": {
    "internalId": 594220,
    "firstName": "Omar",
    "lastName": "Silva",
    "logName": "SilvaOmar594220",
    "salutation": "Mr",
    "gender": "MALE",
    "status": "ACTIVE",
    "links": []
  },
  "createdDate": 1764270439086,
  "postFlightClosed": false,
  "links": []
}