{
  "externalReference": "6f687d31-635b-4af0-b7f8-1e96abec23ce",
  "aircraft": "App E550",
  "aircraftObj": {
    "tailNumber": "App E550",
    "numberOfSeats": 9,
    "type": "E545",
    "model": "EMB-545 Legacy 450",
    "typeName": "Legacy 450",
    "homebase": null,
    "equipment": {
      "v110": true,
      "v230": false,
      "headsets": false,
      "tv": true,
      "cd_dvd": true,
      "wifi": true,
      "satPhone": true,
      "satTV": false,
      "entertainmentSystem": false,
      "lavatory": true,
      "enclosedLavatory": true,
      "coffeePot": true,
      "espresso": false,
      "iceBin": true,
      "microwaveOven": true,
      "warmingOven": false,
      "smokingAllowed": false,
      "petsAllowed": true,
      "baggageVolume": 4.2475,
      "maxWeight": 453.0,
      "standardSuitcases": null,
      "skiTube": false,
      "golfBags": true
    },
    "wingSpan": 20.244,
    "maxFuel": 0.0,
    "externalLength": 19.685,
    "externalHeight": 6.477,
    "cabinHeight": 1.829,
    "cabinLength": 7.315,
    "cabinWidth": 2.083,
    "category": "SUPER_MIDSIZE_JET",
    "keyAccountManager": null,
    "flightNumberToken": "",
    "subcharter": null,
    "cargo": true,
    "ambulance": false,
    "id": 6560,
    "aircraftName": "Legacy 450",
    "aocNumber": null,
    "status": "ACTIVE",
    "manufacturingDate": 2019,
    "refurbishedInt": null,
    "refurbished": null,
    "cabinCrew": 0,
    "bedsN": null,
    "beltedToilet": null,
    "ownersApprovalRequired": false
  },
  "legs": [
    {
      "id": "13235391",
      "departureAirport": "CYUL",
      "arrivalAirport": "EGGW",
      "arrivalDate": "2025-12-08T20:10",
      "arrivalDateUTC": "2025-12-08T20:10",
      "departureDate": "2025-12-08T08:00",
      "departureDateUTC": "2025-12-08T13:00",
      "pax": 4,
      "workflow": "PRIVATE",
      "departureAirportObj": {
        "icao": "CYUL",
        "iata": "YUL",
        "name": "Montréal Pierre-Elliott-Trudeau Intl, Qc",
        "faa": null,
        "localIdentifier": null,
        "aid": "APT-7Z6U-F5BH",
        "id": 14297
      },
      "arrivalAirportObj": {
        "icao": "EGGW",
        "iata": "LTN",
        "name": "London Luton",
        "faa": null,
        "localIdentifier": null,
        "aid": "APT-6DMK-X0VI",
        "id": 15345
      },
      "workflowCustomName": "App Booking",
      "warnings": [
        {
          "type": "OPERATIONAL_NOTE_ALERT"
        },
        {
          "type": "OPERATIONAL_NOTE"
        },
        {
          "type": "OPERATIONAL_NOTE_ALERT"
        },
        {
          "type": "OPERATIONAL_NOTE"
        },
        {
          "type": "OPERATIONAL_NOTE"
        },
        {
          "type": "OPERATIONAL_NOTE"
        },
        {
          "type": "OPERATIONAL_NOTE"
        },
        {
          "type": "OPERATIONAL_NOTE"
        },
        {
          "type": "AIRPORT_AOC_CATEGORY_C"
        },
        {
          "type": "OPERATIONAL_NOTE_ALERT"
        },
        {
          "type": "OPERATIONAL_NOTE_ALERT"
        },
        {
          "type": "FUEL_STOP"
        }
      ],
      "flightTime": 418,
      "blockTime": 430,
      "crew": [],
      "aircraft": "App E550",
      "distance": 2809.0,
      "postFlightClosed": false,
      "status": "OK"
    },
    {
      "id": "13235392",
      "departureAirport": "EGGW",
      "arrivalAirport": "CYUL",
      "arrivalDate": "2025-12-12T16:10",
      "arrivalDateUTC": "2025-12-12T21:10",
      "departureDate": "2025-12-12T14:00",
      "departureDateUTC": "2025-12-12T14:00",
      "pax": 4,
      "workflow": "PRIVATE",
      "departureAirportObj": {
        "icao": "EGGW",
        "iata": "LTN",
        "name": "London Luton",
        "faa": null,
        "localIdentifier": null,
        "aid": "APT-6DMK-X0VI",
        "id": 15345
      },
      "arrivalAirportObj": {
        "icao": "CYUL",
        "iata": "YUL",
        "name": "Montréal Pierre-Elliott-Trudeau Intl, Qc",
        "faa": null,
        "localIdentifier": null,
        "aid": "APT-7Z6U-F5BH",
        "id": 14297
      },
      "workflowCustomName": "App Booking",
      "warnings": [
        {
          "type": "AIRPORT_AOC_CATEGORY_C"
        },
        {
          "type": "OPERATIONAL_NOTE"
        },
        {
          "type": "FUEL_STOP"
        },
        {
          "type": "OPERATIONAL_NOTE_ALERT"
        },
        {
          "type": "SCHEDULE_OVERLAP"
        },
        {
          "type": "OPERATIONAL_NOTE"
        },
        {
          "type": "OPERATIONAL_NOTE"
        },
        {
          "type": "OPERATIONAL_NOTE_ALERT"
        },
        {
          "type": "OPERATIONAL_NOTE_ALERT"
        },
        {
          "type": "OPERATIONAL_NOTE"
        },
        {
          "type": "OPERATIONAL_NOTE"
        },
        {
          "type": "OPERATIONAL_NOTE"
        },
        {
          "type": "OPERATIONAL_NOTE_ALERT"
        }
      ],
      "flightTime": 418,
      "blockTime": 430,
      "crew": [],
      "aircraft": "App E550",
      "distance": 2809.0,
      "postFlightClosed": false,
      "status": "OK"
    }
  ],
  "customer": {
    "internalId": 395649,
    "firstName": "James",
    "lastName": "Teetzel",
    "logName": "jteetzel@airsprint.com",
    "acronym": "JRT",
    "salutation": "Prof_Dr",
    "account": {
      "name": "JimJets",
      "phone": "+4700026058",
      "mobile": "+4937917804",
      "address": {
        "type": "HOME",
        "street": "Montoyastraße",
        "city": "Port Emilyburgh",
        "zip": "36684",
        "country": "CA",
        "latitude": 0.0,
        "longitude": 0.0,
        "state": "AB",
        "links": []
      },
      "vatNumber": "987654321",
      "accountid": 102244,
      "notes": "Does this appear in the API? Or the DataLake?",
      "accountNumber": "102244",
      "links": []
    },
    "birthDate": "1967-02-05",
    "birthPlace": "",
    "status": "ACTIVE",
    "personnelNumber": "763",
    "weight": 0.0,
    "links": []
  },
  "comment": "Passengers: Adriana Bernal, James Teetzel, Kimberley Atkinson, Elizabeth Carey\n\nPets: Hazel\n\nGround Transportation:\n  - Leg 1: No\n  - Leg 2: No\n\nCatering:\n  - Leg 1: Sandwich tray and Pellegrino\n  - Leg 2: charcuterie board\n\nLeg Notes:\n  - Leg 2: snacks for Hazel",
  "price": {
    "charterCost": 0.0,
    "gross": 137310.0,
    "net": 137310.0,
    "vat": 0.0,
    "fet": 0.0,
    "tax": 0.0,
    "vatPerc": 0.0,
    "currency": "CAD",
    "exchangeRate": 1
  },
  "status": "W",
  "bookingIdentifier": "BIVUD",
  "bookingid": 3641714,
  "workflow": "PRIVATE",
  "workflowCustomName": "App Booking",
  "origin": "WEB",
  "salesPerson": {
    "internalId": 422751,
    "firstName": "Kimberley",
    "lastName": "Atkinson",
    "logName": "katkinson@airsprint.com",
    "salutation": "Mrs",
    "gender": "FEMALE",
    "birthDate": "1986-07-11",
    "birthPlace": "Edmunston",
    "status": "ACTIVE",
    "personnelNumber": "732",
    "links": []
  },
  "createdDate": 1764268851178,
  "postFlightClosed": false,
  "links": []
}