{
  "externalReference": "246156ae-6879-422d-bf91-87abc2502d65",
  "aircraft": "App CJ3+",
  "aircraftObj": {
    "tailNumber": "App CJ3+",
    "numberOfSeats": 7,
    "type": "C25A",
    "model": "Citation CJ2",
    "typeName": "Citation CJ3+",
    "homebase": null,
    "equipment": null,
    "wingSpan": 15.138,
    "maxFuel": 0.0,
    "externalLength": 14.529,
    "externalHeight": 4.267,
    "cabinHeight": 1.499,
    "cabinLength": 4.14,
    "cabinWidth": 1.422,
    "category": "LIGHT_JET",
    "keyAccountManager": null,
    "flightNumberToken": "",
    "subcharter": null,
    "cargo": null,
    "ambulance": null,
    "id": 7393,
    "aircraftName": "Citation CJ3+",
    "aocNumber": null,
    "status": "ACTIVE",
    "manufacturingDate": 2015,
    "refurbishedInt": null,
    "refurbished": null,
    "cabinCrew": 0,
    "bedsN": null,
    "beltedToilet": true,
    "ownersApprovalRequired": false
  },
  "legs": [
    {
      "id": "13235340",
      "departureAirport": "KIAH",
      "arrivalAirport": "KAUS",
      "arrivalDate": "2025-12-05T12:46",
      "arrivalDateUTC": "2025-12-05T18:46",
      "departureDate": "2025-12-05T12:00",
      "departureDateUTC": "2025-12-05T18:00",
      "pax": 4,
      "workflow": "PRIVATE",
      "departureAirportObj": {
        "icao": "KIAH",
        "iata": "IAH",
        "name": "George Bush Intcntl - Houston",
        "faa": "IAH",
        "localIdentifier": "IAH",
        "aid": "APT-0WYZ-O45L",
        "id": 18380
      },
      "arrivalAirportObj": {
        "icao": "KAUS",
        "iata": "AUS",
        "name": "Austin-Bergstrom International",
        "faa": "AUS",
        "localIdentifier": "AUS",
        "aid": "APT-NVMX-UKBO",
        "id": 17477
      },
      "workflowCustomName": "FEX Shared",
      "warnings": [
        {
          "type": "OPERATIONAL_NOTE"
        },
        {
          "type": "OPERATIONAL_NOTE"
        },
        {
          "type": "OPERATIONAL_NOTE"
        },
        {
          "type": "AIRPORT_OPENING_HOURS_RESTRICTED"
        },
        {
          "type": "OPERATIONAL_NOTE"
        },
        {
          "type": "OPERATIONAL_NOTE"
        },
        {
          "type": "OPERATIONAL_NOTE"
        }
      ],
      "flightTime": 34,
      "blockTime": 46,
      "flightInfo": {
        "dossierNumber": null,
        "referenceNumber": null,
        "flightType": null,
        "flightId": 1043402,
        "fplType": "G"
      },
      "crew": [],
      "aircraft": "App CJ3+",
      "distance": 122.0,
      "postFlightClosed": false,
      "status": "OK"
    }
  ],
  "customer": {
    "internalId": 945422,
    "firstName": "V",
    "lastName": "M",
    "account": {
      "name": "MOTIV Digital",
      "accountid": 162568,
      "notes": "TEST ACCOUNT FOR NEW OWNER APP",
      "accountNumber": "162568",
      "links": []
    },
    "status": "ACTIVE",
    "weight": 0.0,
    "links": []
  },
  "comment": "Passengers: Megan Webb, Jiasheng Lu, Jem Herrera\n\nGround Transportation:\n  - Leg 1: No\n\nCatering:\n  - Leg 1: No",
  "price": {
    "charterCost": 0.0,
    "gross": 4440.0,
    "net": 4440.0,
    "vat": 0.0,
    "fet": 0.0,
    "tax": 0.0,
    "vatPerc": 0.0,
    "currency": "CAD",
    "exchangeRate": 1
  },
  "status": "B",
  "bookingIdentifier": "ERCAD",
  "bookingid": 3641702,
  "workflow": "PRIVATE",
  "workflowCustomName": "FEX Shared",
  "origin": "WEB",
  "salesPerson": {
    "internalId": 422751,
    "firstName": "Kimberley",
    "lastName": "Atkinson",
    "logName": "katkinson@airsprint.com",
    "salutation": "Mrs",
    "gender": "FEMALE",
    "birthDate": "1986-07-11",
    "birthPlace": "Edmunston",
    "status": "ACTIVE",
    "personnelNumber": "732",
    "links": []
  },
  "createdDate": 1764191358532,
  "bookingDateUTC": "2025-11-26T21:10",
  "postFlightClosed": false,
  "links": []
}