{
  "externalReference": "57598b41-c7ec-4001-a1ff-fa9f90d41dba",
  "aircraft": "App CJ2+",
  "aircraftObj": {
    "tailNumber": "App CJ2+",
    "numberOfSeats": 7,
    "type": "C25A",
    "model": "Citation CJ2",
    "typeName": "Citation CJ2+",
    "homebase": null,
    "equipment": null,
    "wingSpan": 15.138,
    "maxFuel": 0.0,
    "externalLength": 14.529,
    "externalHeight": 4.267,
    "cabinHeight": 1.499,
    "cabinLength": 4.14,
    "cabinWidth": 1.422,
    "category": "LIGHT_JET",
    "keyAccountManager": null,
    "flightNumberToken": "",
    "subcharter": null,
    "cargo": null,
    "ambulance": null,
    "id": 7392,
    "aircraftName": "Citation CJ2+",
    "aocNumber": null,
    "status": "ACTIVE",
    "manufacturingDate": 2015,
    "refurbishedInt": null,
    "refurbished": null,
    "cabinCrew": 0,
    "bedsN": null,
    "beltedToilet": true,
    "ownersApprovalRequired": false
  },
  "legs": [
    {
      "id": "13235292",
      "departureAirport": "KMIA",
      "arrivalAirport": "MYNN",
      "arrivalDate": "2026-01-05T12:52",
      "arrivalDateUTC": "2026-01-05T17:52",
      "departureDate": "2026-01-05T12:00",
      "departureDateUTC": "2026-01-05T17:00",
      "pax": 1,
      "workflow": "PRIVATE",
      "departureAirportObj": {
        "icao": "KMIA",
        "iata": "MIA",
        "name": "Miami International",
        "faa": "MIA",
        "localIdentifier": "MIA",
        "aid": "APT-V5HT-CHXC",
        "id": 18693
      },
      "arrivalAirportObj": {
        "icao": "MYNN",
        "iata": "NAS",
        "name": "Lynden Pindling International",
        "faa": null,
        "localIdentifier": "MYNN",
        "aid": "APT-XE2A-9GAX",
        "id": 21448
      },
      "workflowCustomName": "FEX Shared",
      "warnings": [
        {
          "type": "OPERATIONAL_NOTE"
        },
        {
          "type": "OPERATIONAL_NOTE"
        },
        {
          "type": "OPERATIONAL_NOTE"
        },
        {
          "type": "OPERATIONAL_NOTE_ALERT"
        },
        {
          "type": "OPERATIONAL_NOTE_ALERT"
        },
        {
          "type": "OPERATIONAL_NOTE"
        },
        {
          "type": "OPERATIONAL_NOTE"
        },
        {
          "type": "OPERATIONAL_NOTE"
        }
      ],
      "flightTime": 40,
      "blockTime": 52,
      "flightInfo": {
        "dossierNumber": null,
        "referenceNumber": null,
        "flightType": null,
        "flightId": 1043386,
        "fplType": "G"
      },
      "crew": [],
      "aircraft": "App CJ2+",
      "distance": 160.0,
      "postFlightClosed": false,
      "status": "OK"
    }
  ],
  "customer": {
    "internalId": 395649,
    "firstName": "James",
    "lastName": "Teetzel",
    "logName": "jteetzel@airsprint.com",
    "acronym": "JRT",
    "salutation": "Prof_Dr",
    "account": {
      "name": "JimJets",
      "phone": "+4700026058",
      "mobile": "+4937917804",
      "address": {
        "type": "HOME",
        "street": "Montoyastraße",
        "city": "Port Emilyburgh",
        "zip": "36684",
        "country": "CA",
        "latitude": 0.0,
        "longitude": 0.0,
        "state": "AB",
        "links": []
      },
      "vatNumber": "987654321",
      "accountid": 102244,
      "notes": "Does this appear in the API? Or the DataLake?",
      "accountNumber": "102244",
      "links": []
    },
    "birthDate": "1967-02-05",
    "birthPlace": "",
    "status": "ACTIVE",
    "personnelNumber": "763",
    "weight": 0.0,
    "links": []
  },
  "comment": "Passengers: James Teetzel\n\nGround Transportation:\n  - Leg 1: No\n\nCatering:\n  - Leg 1: No",
  "price": {
    "charterCost": 0.0,
    "gross": 8180.0,
    "net": 8180.0,
    "vat": 0.0,
    "fet": 0.0,
    "tax": 0.0,
    "vatPerc": 0.0,
    "currency": "CAD",
    "exchangeRate": 1
  },
  "status": "B",
  "bookingIdentifier": "XIECQ",
  "bookingid": 3641690,
  "workflow": "PRIVATE",
  "workflowCustomName": "FEX Shared",
  "origin": "WEB",
  "salesPerson": {
    "internalId": 422751,
    "firstName": "Kimberley",
    "lastName": "Atkinson",
    "logName": "katkinson@airsprint.com",
    "salutation": "Mrs",
    "gender": "FEMALE",
    "birthDate": "1986-07-11",
    "birthPlace": "Edmunston",
    "status": "ACTIVE",
    "personnelNumber": "732",
    "links": []
  },
  "createdDate": 1764175781675,
  "bookingDateUTC": "2025-11-26T16:50",
  "postFlightClosed": false,
  "links": []
}