{
  "aircraft": "Add EMB East",
  "aircraftObj": {
    "tailNumber": "Add EMB East",
    "numberOfSeats": 9,
    "type": "E545",
    "model": "EMB-545 Legacy 450",
    "typeName": "Embraer",
    "homebase": null,
    "equipment": {
      "v110": true,
      "v230": false,
      "headsets": false,
      "tv": true,
      "cd_dvd": true,
      "wifi": true,
      "satPhone": true,
      "satTV": false,
      "entertainmentSystem": false,
      "lavatory": true,
      "enclosedLavatory": true,
      "coffeePot": true,
      "espresso": false,
      "iceBin": true,
      "microwaveOven": true,
      "warmingOven": false,
      "smokingAllowed": false,
      "petsAllowed": true,
      "baggageVolume": 4.2475,
      "maxWeight": 453.0,
      "standardSuitcases": null,
      "skiTube": false,
      "golfBags": true
    },
    "wingSpan": 20.244,
    "maxFuel": 0.0,
    "externalLength": 19.685,
    "externalHeight": 6.477,
    "cabinHeight": 1.829,
    "cabinLength": 7.315,
    "cabinWidth": 2.083,
    "category": "SUPER_MIDSIZE_JET",
    "keyAccountManager": null,
    "flightNumberToken": "",
    "subcharter": null,
    "cargo": true,
    "ambulance": false,
    "id": 5575,
    "aircraftName": "Embraer",
    "aocNumber": null,
    "status": "ACTIVE",
    "manufacturingDate": 2019,
    "refurbishedInt": null,
    "refurbished": null,
    "cabinCrew": 0,
    "bedsN": null,
    "beltedToilet": null,
    "ownersApprovalRequired": false
  },
  "legs": [
    {
      "id": "13235258",
      "departureAirport": "KLAS",
      "arrivalAirport": "KVGT",
      "arrivalDate": "2025-11-25T09:28",
      "arrivalDateUTC": "2025-11-25T17:28",
      "departureDate": "2025-11-25T09:00",
      "departureDateUTC": "2025-11-25T17:00",
      "pax": 9,
      "workflow": "INTERNAL",
      "departureAirportObj": {
        "icao": "KLAS",
        "iata": "LAS",
        "name": "Harry Reid International",
        "faa": "LAS",
        "localIdentifier": "LAS",
        "aid": "APT-8HJ6-ZC90",
        "id": 18506
      },
      "arrivalAirportObj": {
        "icao": "KVGT",
        "iata": "VGT",
        "name": "North Las Vegas",
        "faa": "VGT",
        "localIdentifier": "VGT",
        "aid": "APT-HY2W-NHZ9",
        "id": 19541
      },
      "workflowCustomName": "FEX-OCS",
      "warnings": [
        {
          "type": "OPERATIONAL_NOTE"
        },
        {
          "type": "OPERATIONAL_NOTE"
        },
        {
          "type": "OPERATIONAL_NOTE"
        },
        {
          "type": "OPERATIONAL_NOTE_ALERT"
        },
        {
          "type": "OPERATIONAL_NOTE"
        },
        {
          "type": "OPERATIONAL_NOTE_ALERT"
        },
        {
          "type": "OPERATIONAL_NOTE"
        },
        {
          "type": "OPERATIONAL_NOTE"
        },
        {
          "type": "OPERATIONAL_NOTE"
        },
        {
          "type": "OPERATIONAL_NOTE"
        },
        {
          "type": "OPERATIONAL_NOTE"
        },
        {
          "type": "OPERATIONAL_NOTE_ALERT"
        }
      ],
      "flightTime": 16,
      "blockTime": 28,
      "crew": [],
      "aircraft": "Add EMB East",
      "distance": 8.0,
      "postFlightClosed": false,
      "status": "OK"
    },
    {
      "id": "13235259",
      "departureAirport": "KVGT",
      "arrivalAirport": "KLAS",
      "arrivalDate": "2025-11-29T10:43",
      "arrivalDateUTC": "2025-11-29T18:43",
      "departureDate": "2025-11-29T10:15",
      "departureDateUTC": "2025-11-29T18:15",
      "pax": 9,
      "workflow": "INTERNAL",
      "departureAirportObj": {
        "icao": "KVGT",
        "iata": "VGT",
        "name": "North Las Vegas",
        "faa": "VGT",
        "localIdentifier": "VGT",
        "aid": "APT-HY2W-NHZ9",
        "id": 19541
      },
      "arrivalAirportObj": {
        "icao": "KLAS",
        "iata": "LAS",
        "name": "Harry Reid International",
        "faa": "LAS",
        "localIdentifier": "LAS",
        "aid": "APT-8HJ6-ZC90",
        "id": 18506
      },
      "workflowCustomName": "FEX-OCS",
      "warnings": [
        {
          "type": "SCHEDULE_OVERLAP"
        },
        {
          "type": "OPERATIONAL_NOTE_ALERT"
        },
        {
          "type": "SCHEDULE_OVERLAP"
        },
        {
          "type": "OPERATIONAL_NOTE"
        },
        {
          "type": "SCHEDULE_OVERLAP"
        },
        {
          "type": "OPERATIONAL_NOTE"
        },
        {
          "type": "SCHEDULE_OVERLAP"
        },
        {
          "type": "OPERATIONAL_NOTE"
        },
        {
          "type": "OPERATIONAL_NOTE"
        },
        {
          "type": "OPERATIONAL_NOTE"
        },
        {
          "type": "SCHEDULE_OVERLAP"
        },
        {
          "type": "OPERATIONAL_NOTE"
        },
        {
          "type": "OPERATIONAL_NOTE"
        },
        {
          "type": "OPERATIONAL_NOTE_ALERT"
        },
        {
          "type": "SCHEDULE_OVERLAP"
        },
        {
          "type": "OPERATIONAL_NOTE"
        },
        {
          "type": "OPERATIONAL_NOTE_ALERT"
        },
        {
          "type": "OPERATIONAL_NOTE"
        }
      ],
      "flightTime": 16,
      "blockTime": 28,
      "crew": [],
      "aircraft": "Add EMB East",
      "distance": 8.0,
      "postFlightClosed": false,
      "status": "OK"
    }
  ],
  "customer": {
    "internalId": 829705,
    "firstName": "Albert",
    "lastName": "Beck",
    "logName": "BeckAlbert829705",
    "salutation": "Ms",
    "account": {
      "name": "Gordon J. Feeney",
      "phone": "+4596364429",
      "address": {
        "type": "WORK",
        "street": "Nashstraße",
        "city": "Lake Davidland",
        "zip": "24283",
        "country": "CA",
        "latitude": 0.0,
        "longitude": 0.0,
        "state": "Ontario ",
        "links": []
      },
      "accountid": 152137,
      "accountNumber": "152137",
      "links": []
    },
    "gender": "FEMALE",
    "birthDate": "2006-12-06",
    "birthPlace": "Oakville",
    "status": "ACTIVE",
    "weight": 72.12,
    "links": []
  },
  "price": {
    "charterCost": 0.0,
    "gross": 10710.0,
    "net": 10710.0,
    "vat": 0.0,
    "fet": 0.0,
    "tax": 0.0,
    "vatPerc": 0.0,
    "currency": "CAD",
    "exchangeRate": 1
  },
  "status": "R",
  "bookingIdentifier": "FADUP",
  "bookingid": 3641676,
  "workflow": "INTERNAL",
  "workflowCustomName": "FEX-OCS",
  "origin": "EMAIL",
  "salesPerson": {
    "internalId": 788084,
    "firstName": "Kyle",
    "lastName": "Kaplan",
    "logName": "kkaplan@airsprint.com",
    "salutation": "Mr",
    "gender": "MALE",
    "birthPlace": "Toronto",
    "status": "ACTIVE",
    "links": []
  },
  "createdDate": 1764021175132,
  "postFlightClosed": false,
  "links": []
}