{
  "externalReference": "cfe74f61-97f7-4d9c-8bac-0777d38a9ea5",
  "aircraft": "App E550",
  "aircraftObj": {
    "tailNumber": "App E550",
    "numberOfSeats": 9,
    "type": "E545",
    "model": "EMB-545 Legacy 450",
    "typeName": "Legacy 450",
    "homebase": null,
    "equipment": {
      "v110": true,
      "v230": false,
      "headsets": false,
      "tv": true,
      "cd_dvd": true,
      "wifi": true,
      "satPhone": true,
      "satTV": false,
      "entertainmentSystem": false,
      "lavatory": true,
      "enclosedLavatory": true,
      "coffeePot": true,
      "espresso": false,
      "iceBin": true,
      "microwaveOven": true,
      "warmingOven": false,
      "smokingAllowed": false,
      "petsAllowed": true,
      "baggageVolume": 4.2475,
      "maxWeight": 453.0,
      "standardSuitcases": null,
      "skiTube": false,
      "golfBags": true
    },
    "wingSpan": 20.244,
    "maxFuel": 0.0,
    "externalLength": 19.685,
    "externalHeight": 6.477,
    "cabinHeight": 1.829,
    "cabinLength": 7.315,
    "cabinWidth": 2.083,
    "category": "SUPER_MIDSIZE_JET",
    "keyAccountManager": null,
    "flightNumberToken": "",
    "subcharter": null,
    "cargo": true,
    "ambulance": false,
    "id": 6560,
    "aircraftName": "Legacy 450",
    "aocNumber": null,
    "status": "ACTIVE",
    "manufacturingDate": 2019,
    "refurbishedInt": null,
    "refurbished": null,
    "cabinCrew": 0,
    "bedsN": null,
    "beltedToilet": null,
    "ownersApprovalRequired": false
  },
  "legs": [
    {
      "id": "13235217",
      "departureAirport": "KMSY",
      "arrivalAirport": "CYXE",
      "arrivalDate": "2025-12-11T18:05",
      "arrivalDateUTC": "2025-12-12T00:05",
      "departureDate": "2025-12-11T14:00",
      "departureDateUTC": "2025-12-11T20:00",
      "pax": 4,
      "workflow": "PRIVATE",
      "departureAirportObj": {
        "icao": "KMSY",
        "iata": "MSY",
        "name": "Louis Armstrong New Orleans International",
        "faa": "MSY",
        "localIdentifier": "MSY",
        "aid": "APT-RUZ4-XKE7",
        "id": 18774
      },
      "arrivalAirportObj": {
        "icao": "CYXE",
        "iata": "YXE",
        "name": "Saskatoon John G. Diefenbaker International",
        "faa": null,
        "localIdentifier": null,
        "aid": "APT-N6IR-M141",
        "id": 14326
      },
      "workflowCustomName": "FEX Shared",
      "warnings": [
        {
          "type": "OPERATIONAL_NOTE"
        },
        {
          "type": "OPERATIONAL_NOTE"
        },
        {
          "type": "OPERATIONAL_NOTE"
        },
        {
          "type": "OPERATIONAL_NOTE"
        },
        {
          "type": "OPERATIONAL_NOTE"
        },
        {
          "type": "OPERATIONAL_NOTE"
        }
      ],
      "flightTime": 233,
      "blockTime": 245,
      "flightInfo": {
        "dossierNumber": null,
        "referenceNumber": null,
        "flightType": null,
        "flightId": 1043353,
        "fplType": "G"
      },
      "crew": [],
      "aircraft": "App E550",
      "distance": 1517.0,
      "postFlightClosed": false,
      "status": "OK"
    },
    {
      "id": "13235218",
      "departureAirport": "CYXE",
      "arrivalAirport": "KMSY",
      "arrivalDate": "2025-12-14T00:05",
      "arrivalDateUTC": "2025-12-14T06:05",
      "departureDate": "2025-12-13T20:00",
      "departureDateUTC": "2025-12-14T02:00",
      "pax": 4,
      "workflow": "PRIVATE",
      "departureAirportObj": {
        "icao": "CYXE",
        "iata": "YXE",
        "name": "Saskatoon John G. Diefenbaker International",
        "faa": null,
        "localIdentifier": null,
        "aid": "APT-N6IR-M141",
        "id": 14326
      },
      "arrivalAirportObj": {
        "icao": "KMSY",
        "iata": "MSY",
        "name": "Louis Armstrong New Orleans International",
        "faa": "MSY",
        "localIdentifier": "MSY",
        "aid": "APT-RUZ4-XKE7",
        "id": 18774
      },
      "workflowCustomName": "FEX Shared",
      "warnings": [
        {
          "type": "OPERATIONAL_NOTE"
        },
        {
          "type": "OPERATIONAL_NOTE"
        },
        {
          "type": "OPERATIONAL_NOTE"
        },
        {
          "type": "OPERATIONAL_NOTE"
        },
        {
          "type": "OPERATIONAL_NOTE"
        },
        {
          "type": "OPERATIONAL_NOTE"
        },
        {
          "type": "SCHEDULE_OVERLAP"
        }
      ],
      "flightTime": 233,
      "blockTime": 245,
      "flightInfo": {
        "dossierNumber": null,
        "referenceNumber": null,
        "flightType": null,
        "flightId": 1043354,
        "fplType": "G"
      },
      "crew": [],
      "aircraft": "App E550",
      "distance": 1517.0,
      "postFlightClosed": false,
      "status": "OK"
    }
  ],
  "customer": {
    "internalId": 821944,
    "firstName": "Mariya",
    "lastName": "Besadina",
    "logName": "motiv@airsprint.com",
    "salutation": "unDef",
    "account": {
      "name": "MOTIV Digital",
      "accountid": 162568,
      "notes": "TEST ACCOUNT FOR NEW OWNER APP",
      "accountNumber": "162568",
      "links": []
    },
    "gender": "FEMALE",
    "status": "ACTIVE",
    "links": []
  },
  "comment": "Passengers: Mariya Besadina, James Teetzel, Jem Herrera, Riley Teetzel\n\nGround Transportation:\n  - Leg 1: Yes, Type: BOTH | Departure — Method: SUV_AND_DRIVER; Pickup: New Orleans Boulevard, Houma, LA, 70364 | Arrival — Method: SUV_RENTAL_CAR\n  - Leg 2: No\n\nCatering:\n  - Leg 1: No\n  - Leg 2: No\n\nLeg Notes:\n  - Leg 2: coffee",
  "price": {
    "charterCost": 0.0,
    "gross": 63420.0,
    "net": 63420.0,
    "vat": 0.0,
    "fet": 0.0,
    "tax": 0.0,
    "vatPerc": 0.0,
    "currency": "CAD",
    "exchangeRate": 1
  },
  "status": "B",
  "bookingIdentifier": "UKIMK",
  "bookingid": 3641663,
  "workflow": "PRIVATE",
  "workflowCustomName": "FEX Shared",
  "origin": "WEB",
  "salesPerson": {
    "internalId": 422751,
    "firstName": "Kimberley",
    "lastName": "Atkinson",
    "logName": "katkinson@airsprint.com",
    "salutation": "Mrs",
    "gender": "FEMALE",
    "birthDate": "1986-07-11",
    "birthPlace": "Edmunston",
    "status": "ACTIVE",
    "personnelNumber": "732",
    "links": []
  },
  "createdDate": 1763967942364,
  "bookingDateUTC": "2025-11-24T16:19",
  "postFlightClosed": false,
  "links": []
}