{
  "externalReference": "b6529958-e643-460f-ac4f-30766b90f1af",
  "aircraft": "App CJ2+",
  "aircraftObj": {
    "tailNumber": "App CJ2+",
    "numberOfSeats": 7,
    "type": "C25A",
    "model": "Citation CJ2",
    "typeName": "Citation CJ2+",
    "homebase": null,
    "equipment": null,
    "wingSpan": 15.138,
    "maxFuel": 0.0,
    "externalLength": 14.529,
    "externalHeight": 4.267,
    "cabinHeight": 1.499,
    "cabinLength": 4.14,
    "cabinWidth": 1.422,
    "category": "LIGHT_JET",
    "keyAccountManager": null,
    "flightNumberToken": "",
    "subcharter": null,
    "cargo": null,
    "ambulance": null,
    "id": 7392,
    "aircraftName": "Citation CJ2+",
    "aocNumber": null,
    "status": "ACTIVE",
    "manufacturingDate": 2015,
    "refurbishedInt": null,
    "refurbished": null,
    "cabinCrew": 0,
    "bedsN": null,
    "beltedToilet": true,
    "ownersApprovalRequired": false
  },
  "legs": [
    {
      "id": "13235200",
      "departureAirport": "CYBW",
      "arrivalAirport": "CYYC",
      "arrivalDate": "2025-12-11T12:29",
      "arrivalDateUTC": "2025-12-11T19:29",
      "departureDate": "2025-12-11T12:00",
      "departureDateUTC": "2025-12-11T19:00",
      "pax": 1,
      "workflow": "PRIVATE",
      "departureAirportObj": {
        "icao": "CYBW",
        "iata": null,
        "name": "Calgary Springbank",
        "faa": null,
        "localIdentifier": null,
        "aid": "APT-TEZI-BCNK",
        "id": 14049
      },
      "arrivalAirportObj": {
        "icao": "CYYC",
        "iata": "YYC",
        "name": "Calgary International",
        "faa": null,
        "localIdentifier": null,
        "aid": "APT-4MPB-X5XC",
        "id": 14342
      },
      "workflowCustomName": "App Booking",
      "warnings": [
        {
          "type": "OPERATIONAL_NOTE"
        },
        {
          "type": "OPERATIONAL_NOTE"
        },
        {
          "type": "OPERATIONAL_NOTE"
        },
        {
          "type": "OPERATIONAL_NOTE_ALERT"
        },
        {
          "type": "OPERATIONAL_NOTE"
        },
        {
          "type": "OPERATIONAL_NOTE_ALERT"
        },
        {
          "type": "OPERATIONAL_NOTE"
        },
        {
          "type": "OPERATIONAL_NOTE"
        },
        {
          "type": "OPERATIONAL_NOTE"
        },
        {
          "type": "OPERATIONAL_NOTE"
        },
        {
          "type": "OPERATIONAL_NOTE"
        },
        {
          "type": "OPERATIONAL_NOTE"
        },
        {
          "type": "OPERATIONAL_NOTE"
        },
        {
          "type": "OPERATIONAL_NOTE"
        },
        {
          "type": "OPERATIONAL_NOTE"
        }
      ],
      "flightTime": 17,
      "blockTime": 29,
      "crew": [],
      "aircraft": "App CJ2+",
      "distance": 14.0,
      "postFlightClosed": false,
      "status": "OK"
    },
    {
      "id": "13235201",
      "departureAirport": "CYYC",
      "arrivalAirport": "CYBW",
      "arrivalDate": "2025-12-19T13:44",
      "arrivalDateUTC": "2025-12-19T20:44",
      "departureDate": "2025-12-19T13:15",
      "departureDateUTC": "2025-12-19T20:15",
      "pax": 1,
      "workflow": "PRIVATE",
      "departureAirportObj": {
        "icao": "CYYC",
        "iata": "YYC",
        "name": "Calgary International",
        "faa": null,
        "localIdentifier": null,
        "aid": "APT-4MPB-X5XC",
        "id": 14342
      },
      "arrivalAirportObj": {
        "icao": "CYBW",
        "iata": null,
        "name": "Calgary Springbank",
        "faa": null,
        "localIdentifier": null,
        "aid": "APT-TEZI-BCNK",
        "id": 14049
      },
      "workflowCustomName": "App Booking",
      "warnings": [
        {
          "type": "OPERATIONAL_NOTE"
        },
        {
          "type": "OPERATIONAL_NOTE"
        },
        {
          "type": "OPERATIONAL_NOTE"
        },
        {
          "type": "OPERATIONAL_NOTE"
        },
        {
          "type": "OPERATIONAL_NOTE"
        },
        {
          "type": "OPERATIONAL_NOTE"
        },
        {
          "type": "OPERATIONAL_NOTE"
        },
        {
          "type": "OPERATIONAL_NOTE"
        },
        {
          "type": "OPERATIONAL_NOTE"
        },
        {
          "type": "OPERATIONAL_NOTE_ALERT"
        },
        {
          "type": "OPERATIONAL_NOTE_ALERT"
        },
        {
          "type": "OPERATIONAL_NOTE"
        },
        {
          "type": "OPERATIONAL_NOTE"
        },
        {
          "type": "OPERATIONAL_NOTE"
        },
        {
          "type": "OPERATIONAL_NOTE"
        }
      ],
      "flightTime": 17,
      "blockTime": 29,
      "crew": [],
      "aircraft": "App CJ2+",
      "distance": 14.0,
      "postFlightClosed": false,
      "status": "OK"
    }
  ],
  "customer": {
    "account": {
      "name": "JimJets",
      "phone": "+4700026058",
      "mobile": "+4937917804",
      "address": {
        "type": "HOME",
        "street": "Montoyastraße",
        "city": "Port Emilyburgh",
        "zip": "36684",
        "country": "CA",
        "latitude": 0.0,
        "longitude": 0.0,
        "state": "AB",
        "links": []
      },
      "vatNumber": "987654321",
      "accountid": 102244,
      "notes": "Does this appear in the API? Or the DataLake?",
      "accountNumber": "102244",
      "links": []
    },
    "links": []
  },
  "comment": "Passengers: Mariya Besadina\n\nGround Transportation:\n  - Leg 1: No\n  - Leg 2: No\n\nCatering:\n  - Leg 1: No\n  - Leg 2: No",
  "price": {
    "charterCost": 0.0,
    "gross": 2770.0,
    "net": 2770.0,
    "vat": 0.0,
    "fet": 0.0,
    "tax": 0.0,
    "vatPerc": 0.0,
    "currency": "CAD",
    "exchangeRate": 1
  },
  "status": "W",
  "bookingIdentifier": "ACUPQ",
  "bookingid": 3641653,
  "workflow": "PRIVATE",
  "workflowCustomName": "App Booking",
  "origin": "WEB",
  "salesPerson": {
    "internalId": 422751,
    "firstName": "Kimberley",
    "lastName": "Atkinson",
    "logName": "katkinson@airsprint.com",
    "salutation": "Mrs",
    "gender": "FEMALE",
    "birthDate": "1986-07-11",
    "birthPlace": "Edmunston",
    "status": "ACTIVE",
    "personnelNumber": "732",
    "links": []
  },
  "createdDate": 1763933141080,
  "postFlightClosed": false,
  "links": []
}