{
  "externalReference": "939ee30c-02c2-4c1e-b9a2-cec1a31eb368",
  "aircraft": "App CJ3+",
  "aircraftObj": {
    "tailNumber": "App CJ3+",
    "numberOfSeats": 7,
    "type": "C25A",
    "model": "Citation CJ2",
    "typeName": "Citation CJ3+",
    "homebase": null,
    "equipment": null,
    "wingSpan": 15.138,
    "maxFuel": 0.0,
    "externalLength": 14.529,
    "externalHeight": 4.267,
    "cabinHeight": 1.499,
    "cabinLength": 4.14,
    "cabinWidth": 1.422,
    "category": "LIGHT_JET",
    "keyAccountManager": null,
    "flightNumberToken": "",
    "subcharter": null,
    "cargo": null,
    "ambulance": null,
    "id": 7393,
    "aircraftName": "Citation CJ3+",
    "aocNumber": null,
    "status": "ACTIVE",
    "manufacturingDate": 2015,
    "refurbishedInt": null,
    "refurbished": null,
    "cabinCrew": 0,
    "bedsN": null,
    "beltedToilet": true,
    "ownersApprovalRequired": false
  },
  "legs": [
    {
      "id": "13235383",
      "departureAirport": "MYNN",
      "arrivalAirport": "MMUN",
      "arrivalDate": "2025-12-02T14:28",
      "arrivalDateUTC": "2025-12-02T19:28",
      "departureDate": "2025-12-02T12:30",
      "departureDateUTC": "2025-12-02T17:30",
      "pax": 3,
      "workflow": "PRIVATE",
      "departureAirportObj": {
        "icao": "MYNN",
        "iata": "NAS",
        "name": "Lynden Pindling International",
        "faa": null,
        "localIdentifier": "MYNN",
        "aid": "APT-XE2A-9GAX",
        "id": 21448
      },
      "arrivalAirportObj": {
        "icao": "MMUN",
        "iata": "CUN",
        "name": "Cancún International",
        "faa": null,
        "localIdentifier": null,
        "aid": "APT-82TH-5GW7",
        "id": 21227
      },
      "workflowCustomName": "App Booking",
      "warnings": [
        {
          "type": "OPERATIONAL_NOTE"
        },
        {
          "type": "OPERATIONAL_NOTE"
        },
        {
          "type": "OPERATIONAL_NOTE_ALERT"
        },
        {
          "type": "OPERATIONAL_NOTE"
        },
        {
          "type": "OPERATIONAL_NOTE"
        },
        {
          "type": "OPERATIONAL_NOTE_ALERT"
        }
      ],
      "flightTime": 106,
      "blockTime": 118,
      "crew": [],
      "aircraft": "App CJ3+",
      "distance": 572.0,
      "postFlightClosed": false,
      "status": "OK"
    },
    {
      "id": "13235384",
      "departureAirport": "MMUN",
      "arrivalAirport": "MYNN",
      "arrivalDate": "2025-12-06T19:28",
      "arrivalDateUTC": "2025-12-07T00:28",
      "departureDate": "2025-12-06T17:30",
      "departureDateUTC": "2025-12-06T22:30",
      "pax": 3,
      "workflow": "PRIVATE",
      "departureAirportObj": {
        "icao": "MMUN",
        "iata": "CUN",
        "name": "Cancún International",
        "faa": null,
        "localIdentifier": null,
        "aid": "APT-82TH-5GW7",
        "id": 21227
      },
      "arrivalAirportObj": {
        "icao": "MYNN",
        "iata": "NAS",
        "name": "Lynden Pindling International",
        "faa": null,
        "localIdentifier": "MYNN",
        "aid": "APT-XE2A-9GAX",
        "id": 21448
      },
      "workflowCustomName": "App Booking",
      "warnings": [
        {
          "type": "OPERATIONAL_NOTE"
        },
        {
          "type": "OPERATIONAL_NOTE"
        },
        {
          "type": "OPERATIONAL_NOTE_ALERT"
        },
        {
          "type": "OPERATIONAL_NOTE"
        },
        {
          "type": "OPERATIONAL_NOTE_ALERT"
        },
        {
          "type": "OPERATIONAL_NOTE"
        }
      ],
      "flightTime": 106,
      "blockTime": 118,
      "crew": [],
      "aircraft": "App CJ3+",
      "distance": 572.0,
      "postFlightClosed": false,
      "status": "OK"
    }
  ],
  "customer": {
    "internalId": 395665,
    "firstName": "Scott",
    "lastName": "Wenz",
    "logName": "sdw@airsprint.com",
    "acronym": "SDW",
    "salutation": "Mr",
    "account": {
      "name": "James Elian - President & CEO of AirSprint / Board of Directors",
      "phone": "+4689071103",
      "accountid": 102915,
      "notes": "",
      "accountNumber": "102915",
      "links": []
    },
    "gender": "MALE",
    "birthDate": "1980-10-02",
    "birthPlace": "Calgary",
    "status": "ACTIVE",
    "personnelNumber": "562",
    "links": []
  },
  "comment": "Passengers: James Elian, Holly Elian, Scott Wenz\n\nGround Transportation:\n  - Leg 1: No\n  - Leg 2: No\n\nCatering:\n  - Leg 1: bread basket\n  - Leg 2: No",
  "price": {
    "charterCost": 0.0,
    "gross": 44910.0,
    "net": 44910.0,
    "vat": 0.0,
    "fet": 0.0,
    "tax": 0.0,
    "vatPerc": 0.0,
    "currency": "CAD",
    "exchangeRate": 1
  },
  "status": "W",
  "bookingIdentifier": "USOHK",
  "bookingid": 3641710,
  "workflow": "PRIVATE",
  "workflowCustomName": "App Booking",
  "origin": "WEB",
  "salesPerson": {
    "internalId": 784955,
    "firstName": "Seb",
    "lastName": "Faizi",
    "logName": "sfaizi@airsprint.com",
    "salutation": "Sir",
    "gender": "MALE",
    "status": "ACTIVE",
    "weight": 87.5433,
    "links": []
  },
  "createdDate": 1764264861510,
  "postFlightClosed": false,
  "links": []
}