{
  "externalReference": "cb916ca5-858c-4b76-b0cc-4b68be2120cc",
  "aircraft": "Add CJ3+ East",
  "aircraftObj": {
    "tailNumber": "Add CJ3+ East",
    "numberOfSeats": 7,
    "type": "C25B",
    "model": "Citation CJ3",
    "typeName": "Citation CJ3+",
    "homebase": null,
    "equipment": {
      "v110": true,
      "v230": false,
      "headsets": false,
      "tv": false,
      "cd_dvd": false,
      "wifi": true,
      "satPhone": true,
      "satTV": false,
      "entertainmentSystem": false,
      "lavatory": true,
      "enclosedLavatory": true,
      "coffeePot": true,
      "espresso": false,
      "iceBin": true,
      "microwaveOven": false,
      "warmingOven": false,
      "smokingAllowed": false,
      "petsAllowed": true,
      "baggageVolume": 1.8406,
      "maxWeight": 408.0,
      "standardSuitcases": null,
      "skiTube": true,
      "golfBags": true
    },
    "wingSpan": 16.256,
    "maxFuel": 0.0,
    "externalLength": 15.596,
    "externalHeight": 4.623,
    "cabinHeight": 1.397,
    "cabinLength": 4.724,
    "cabinWidth": 1.422,
    "category": "LIGHT_JET",
    "keyAccountManager": null,
    "flightNumberToken": "",
    "subcharter": null,
    "cargo": true,
    "ambulance": null,
    "id": 6292,
    "aircraftName": "Citation CJ3+",
    "aocNumber": null,
    "status": "ACTIVE",
    "manufacturingDate": 2020,
    "refurbishedInt": null,
    "refurbished": null,
    "cabinCrew": 0,
    "bedsN": null,
    "beltedToilet": true,
    "ownersApprovalRequired": false
  },
  "legs": [
    {
      "id": "13235244",
      "departureAirport": "CYHM",
      "arrivalAirport": "KTEB",
      "arrivalDate": "2026-01-14T15:44",
      "arrivalDateUTC": "2026-01-14T20:44",
      "departureDate": "2026-01-14T14:30",
      "departureDateUTC": "2026-01-14T19:30",
      "pax": 6,
      "workflow": "PRIVATE",
      "departureAirportObj": {
        "icao": "CYHM",
        "iata": "YHM",
        "name": "John C. Munro Hamilton International",
        "faa": null,
        "localIdentifier": null,
        "aid": "APT-3D90-KDDF",
        "id": 14131
      },
      "arrivalAirportObj": {
        "icao": "KTEB",
        "iata": "TEB",
        "name": "Teterboro",
        "faa": "TEB",
        "localIdentifier": "TEB",
        "aid": "APT-CQ9K-5CIO",
        "id": 19411
      },
      "workflowCustomName": "FEX Guaranteed",
      "warnings": [
        {
          "type": "OPERATIONAL_NOTE"
        },
        {
          "type": "OPERATIONAL_NOTE"
        },
        {
          "type": "OPERATIONAL_NOTE"
        },
        {
          "type": "OPERATIONAL_NOTE"
        },
        {
          "type": "OPERATIONAL_NOTE"
        },
        {
          "type": "OPERATIONAL_NOTE"
        },
        {
          "type": "OPERATIONAL_NOTE"
        },
        {
          "type": "OPERATIONAL_NOTE_ALERT"
        },
        {
          "type": "OPERATIONAL_NOTE"
        },
        {
          "type": "OPERATIONAL_NOTE_ALERT"
        },
        {
          "type": "OPERATIONAL_NOTE_ALERT"
        },
        {
          "type": "OPERATIONAL_NOTE"
        }
      ],
      "flightTime": 62,
      "blockTime": 74,
      "flightInfo": {
        "dossierNumber": null,
        "referenceNumber": null,
        "flightType": null,
        "flightId": 1043374,
        "fplType": "G"
      },
      "crew": [],
      "aircraft": "Add CJ3+ East",
      "distance": 297.0,
      "postFlightClosed": false,
      "status": "OK"
    }
  ],
  "customer": {
    "internalId": 821944,
    "firstName": "Mariya",
    "lastName": "Besadina",
    "logName": "motiv@airsprint.com",
    "salutation": "unDef",
    "account": {
      "name": "MOTIV Digital",
      "accountid": 162568,
      "notes": "TEST ACCOUNT FOR NEW OWNER APP",
      "accountNumber": "162568",
      "links": []
    },
    "gender": "FEMALE",
    "status": "ACTIVE",
    "links": []
  },
  "comment": "Passengers: James Teetzel, Jiasheng Lu, Jem Herrera, James Ding, Andrea Sanchez, Mariya Besadina\n\nPets: fluffy\n\nGround Transportation:\n  - Leg 1: Yes, Type: BOTH | Departure — Method: SEDAN_AND_DRIVER; Pickup: 455 Gibraltar Drive, Mississauga, ON, L5T | Arrival — Method: COMPACT_RENTAL_CAR\n\nCatering:\n  - Leg 1: tacos and beer\n\nLeg Notes:\n  - Leg 1: I would like a red car.",
  "price": {
    "charterCost": 0.0,
    "gross": 4260.0,
    "net": 4260.0,
    "vat": 0.0,
    "fet": 0.0,
    "tax": 0.0,
    "vatPerc": 0.0,
    "currency": "CAD",
    "exchangeRate": 1
  },
  "status": "B",
  "bookingIdentifier": "PIKAV",
  "bookingid": 3641672,
  "workflow": "PRIVATE",
  "workflowCustomName": "FEX Guaranteed",
  "origin": "WEB",
  "salesPerson": {
    "internalId": 422751,
    "firstName": "Kimberley",
    "lastName": "Atkinson",
    "logName": "katkinson@airsprint.com",
    "salutation": "Mrs",
    "gender": "FEMALE",
    "birthDate": "1986-07-11",
    "birthPlace": "Edmunston",
    "status": "ACTIVE",
    "personnelNumber": "732",
    "links": []
  },
  "createdDate": 1764018025791,
  "bookingDateUTC": "2025-11-24T21:58",
  "postFlightClosed": false,
  "links": []
}