{
  "externalReference": "78ee109f-febc-4496-a837-af65546b33ad",
  "aircraft": "App E550",
  "aircraftObj": {
    "tailNumber": "App E550",
    "numberOfSeats": 9,
    "type": "E545",
    "model": "EMB-545 Legacy 450",
    "typeName": "Legacy 450",
    "homebase": null,
    "equipment": {
      "v110": true,
      "v230": false,
      "headsets": false,
      "tv": true,
      "cd_dvd": true,
      "wifi": true,
      "satPhone": true,
      "satTV": false,
      "entertainmentSystem": false,
      "lavatory": true,
      "enclosedLavatory": true,
      "coffeePot": true,
      "espresso": false,
      "iceBin": true,
      "microwaveOven": true,
      "warmingOven": false,
      "smokingAllowed": false,
      "petsAllowed": true,
      "baggageVolume": 4.2475,
      "maxWeight": 453.0,
      "standardSuitcases": null,
      "skiTube": false,
      "golfBags": true
    },
    "wingSpan": 20.244,
    "maxFuel": 0.0,
    "externalLength": 19.685,
    "externalHeight": 6.477,
    "cabinHeight": 1.829,
    "cabinLength": 7.315,
    "cabinWidth": 2.083,
    "category": "SUPER_MIDSIZE_JET",
    "keyAccountManager": null,
    "flightNumberToken": "",
    "subcharter": null,
    "cargo": true,
    "ambulance": false,
    "id": 6560,
    "aircraftName": "Legacy 450",
    "aocNumber": null,
    "status": "ACTIVE",
    "manufacturingDate": 2019,
    "refurbishedInt": null,
    "refurbished": null,
    "cabinCrew": 0,
    "bedsN": null,
    "beltedToilet": null,
    "ownersApprovalRequired": false
  },
  "legs": [
    {
      "id": "13235402",
      "departureAirport": "CYYC",
      "arrivalAirport": "KPBI",
      "arrivalDate": "2026-01-01T15:32",
      "arrivalDateUTC": "2026-01-01T20:32",
      "departureDate": "2026-01-01T08:00",
      "departureDateUTC": "2026-01-01T15:00",
      "pax": 4,
      "workflow": "PRIVATE",
      "departureAirportObj": {
        "icao": "CYYC",
        "iata": "YYC",
        "name": "Calgary International",
        "faa": null,
        "localIdentifier": null,
        "aid": "APT-4MPB-X5XC",
        "id": 14342
      },
      "arrivalAirportObj": {
        "icao": "KPBI",
        "iata": "PBI",
        "name": "Palm Beach International",
        "faa": "PBI",
        "localIdentifier": "PBI",
        "aid": "APT-HJRP-TGZM",
        "id": 18992
      },
      "workflowCustomName": "App Booking",
      "warnings": [
        {
          "type": "OPERATIONAL_NOTE"
        },
        {
          "type": "OPERATIONAL_NOTE_ALERT"
        },
        {
          "type": "OPERATIONAL_NOTE"
        },
        {
          "type": "OPERATIONAL_NOTE"
        },
        {
          "type": "OPERATIONAL_NOTE"
        },
        {
          "type": "OPERATIONAL_NOTE_ALERT"
        },
        {
          "type": "OPERATIONAL_NOTE"
        },
        {
          "type": "OPERATIONAL_NOTE"
        },
        {
          "type": "OPERATIONAL_NOTE"
        },
        {
          "type": "OPERATIONAL_NOTE"
        },
        {
          "type": "OPERATIONAL_NOTE"
        },
        {
          "type": "OPERATIONAL_NOTE"
        },
        {
          "type": "OPERATIONAL_NOTE"
        },
        {
          "type": "OPERATIONAL_NOTE"
        }
      ],
      "flightTime": 320,
      "blockTime": 332,
      "crew": [],
      "aircraft": "App E550",
      "distance": 2126.0,
      "postFlightClosed": false,
      "status": "OK"
    }
  ],
  "customer": {
    "internalId": 395649,
    "firstName": "James",
    "lastName": "Teetzel",
    "logName": "jteetzel@airsprint.com",
    "acronym": "JRT",
    "salutation": "Prof_Dr",
    "account": {
      "name": "JimJets",
      "phone": "+4700026058",
      "mobile": "+4937917804",
      "address": {
        "type": "HOME",
        "street": "Montoyastraße",
        "city": "Port Emilyburgh",
        "zip": "36684",
        "country": "CA",
        "latitude": 0.0,
        "longitude": 0.0,
        "state": "AB",
        "links": []
      },
      "vatNumber": "987654321",
      "accountid": 102244,
      "notes": "Does this appear in the API? Or the DataLake?",
      "accountNumber": "102244",
      "links": []
    },
    "birthDate": "1967-02-05",
    "birthPlace": "",
    "status": "ACTIVE",
    "personnelNumber": "763",
    "weight": 0.0,
    "links": []
  },
  "comment": "Passengers: Adriana Bernal, James Teetzel, Elizabeth Carey, Kimberley Atkinson\n\nGround Transportation:\n  - Leg 1: No\n  - Leg 2: No\n  - Leg 3: No\n\nCatering:\n  - Leg 1: No\n  - Leg 2: No\n  - Leg 3: No",
  "price": {
    "charterCost": 0.0,
    "gross": 42970.0,
    "net": 42970.0,
    "vat": 0.0,
    "fet": 0.0,
    "tax": 0.0,
    "vatPerc": 0.0,
    "currency": "CAD",
    "exchangeRate": 1
  },
  "status": "W",
  "bookingIdentifier": "PIHEW",
  "bookingid": 3641719,
  "workflow": "PRIVATE",
  "workflowCustomName": "App Booking",
  "origin": "WEB",
  "salesPerson": {
    "internalId": 422751,
    "firstName": "Kimberley",
    "lastName": "Atkinson",
    "logName": "katkinson@airsprint.com",
    "salutation": "Mrs",
    "gender": "FEMALE",
    "birthDate": "1986-07-11",
    "birthPlace": "Edmunston",
    "status": "ACTIVE",
    "personnelNumber": "732",
    "links": []
  },
  "createdDate": 1764273995779,
  "postFlightClosed": false,
  "links": []
}