{
  "externalReference": "8f1cffb6-5dba-4cfe-83f4-81c75c49f047",
  "aircraft": "App E550",
  "aircraftObj": {
    "tailNumber": "App E550",
    "numberOfSeats": 9,
    "type": "E545",
    "model": "EMB-545 Legacy 450",
    "typeName": "Legacy 450",
    "homebase": null,
    "equipment": {
      "v110": true,
      "v230": false,
      "headsets": false,
      "tv": true,
      "cd_dvd": true,
      "wifi": true,
      "satPhone": true,
      "satTV": false,
      "entertainmentSystem": false,
      "lavatory": true,
      "enclosedLavatory": true,
      "coffeePot": true,
      "espresso": false,
      "iceBin": true,
      "microwaveOven": true,
      "warmingOven": false,
      "smokingAllowed": false,
      "petsAllowed": true,
      "baggageVolume": 4.2475,
      "maxWeight": 453.0,
      "standardSuitcases": null,
      "skiTube": false,
      "golfBags": true
    },
    "wingSpan": 20.244,
    "maxFuel": 0.0,
    "externalLength": 19.685,
    "externalHeight": 6.477,
    "cabinHeight": 1.829,
    "cabinLength": 7.315,
    "cabinWidth": 2.083,
    "category": "SUPER_MIDSIZE_JET",
    "keyAccountManager": null,
    "flightNumberToken": "",
    "subcharter": null,
    "cargo": true,
    "ambulance": false,
    "id": 6560,
    "aircraftName": "Legacy 450",
    "aocNumber": null,
    "status": "ACTIVE",
    "manufacturingDate": 2019,
    "refurbishedInt": null,
    "refurbished": null,
    "cabinCrew": 0,
    "bedsN": null,
    "beltedToilet": null,
    "ownersApprovalRequired": false
  },
  "legs": [
    {
      "id": "13235235",
      "departureAirport": "CZBB",
      "arrivalAirport": "KTEB",
      "arrivalDate": "2025-12-05T21:42",
      "arrivalDateUTC": "2025-12-06T02:42",
      "departureDate": "2025-12-05T13:15",
      "departureDateUTC": "2025-12-05T21:15",
      "pax": 4,
      "workflow": "PRIVATE",
      "departureAirportObj": {
        "icao": "CZBB",
        "iata": "YDT",
        "name": "Vancouver - Boundary Bay",
        "faa": null,
        "localIdentifier": "CZBB",
        "aid": "APT-QLG3-JUGD",
        "id": 14377
      },
      "arrivalAirportObj": {
        "icao": "KTEB",
        "iata": "TEB",
        "name": "Teterboro",
        "faa": "TEB",
        "localIdentifier": "TEB",
        "aid": "APT-CQ9K-5CIO",
        "id": 19411
      },
      "workflowCustomName": "FEX Shared",
      "warnings": [
        {
          "type": "OPERATIONAL_NOTE"
        },
        {
          "type": "OPERATIONAL_NOTE_ALERT"
        },
        {
          "type": "OPERATIONAL_NOTE"
        },
        {
          "type": "OPERATIONAL_NOTE"
        },
        {
          "type": "OPERATIONAL_NOTE"
        },
        {
          "type": "OPERATIONAL_NOTE"
        },
        {
          "type": "OPERATIONAL_NOTE"
        },
        {
          "type": "OPERATIONAL_NOTE"
        },
        {
          "type": "OPERATIONAL_NOTE_ALERT"
        },
        {
          "type": "OPERATIONAL_NOTE_ALERT"
        },
        {
          "type": "OPERATIONAL_NOTE"
        },
        {
          "type": "OPERATIONAL_NOTE"
        },
        {
          "type": "OPERATIONAL_NOTE"
        },
        {
          "type": "RUNWAY_TOO_NARROW"
        }
      ],
      "flightTime": 315,
      "blockTime": 327,
      "flightInfo": {
        "dossierNumber": null,
        "referenceNumber": null,
        "flightType": null,
        "flightId": 1043364,
        "fplType": "G"
      },
      "crew": [],
      "aircraft": "App E550",
      "distance": 2099.0,
      "postFlightClosed": false,
      "status": "OK"
    },
    {
      "id": "13235236",
      "departureAirport": "KTEB",
      "arrivalAirport": "CZBB",
      "arrivalDate": "2025-12-06T22:12",
      "arrivalDateUTC": "2025-12-07T06:12",
      "departureDate": "2025-12-06T19:45",
      "departureDateUTC": "2025-12-07T00:45",
      "pax": 4,
      "workflow": "PRIVATE",
      "departureAirportObj": {
        "icao": "KTEB",
        "iata": "TEB",
        "name": "Teterboro",
        "faa": "TEB",
        "localIdentifier": "TEB",
        "aid": "APT-CQ9K-5CIO",
        "id": 19411
      },
      "arrivalAirportObj": {
        "icao": "CZBB",
        "iata": "YDT",
        "name": "Vancouver - Boundary Bay",
        "faa": null,
        "localIdentifier": "CZBB",
        "aid": "APT-QLG3-JUGD",
        "id": 14377
      },
      "workflowCustomName": "FEX Shared",
      "warnings": [
        {
          "type": "OPERATIONAL_NOTE"
        },
        {
          "type": "OPERATIONAL_NOTE_ALERT"
        },
        {
          "type": "OPERATIONAL_NOTE"
        },
        {
          "type": "OPERATIONAL_NOTE"
        },
        {
          "type": "RUNWAY_TOO_NARROW"
        },
        {
          "type": "OPERATIONAL_NOTE_ALERT"
        },
        {
          "type": "OPERATIONAL_NOTE"
        },
        {
          "type": "OPERATIONAL_NOTE_ALERT"
        },
        {
          "type": "OPERATIONAL_NOTE"
        },
        {
          "type": "OPERATIONAL_NOTE"
        },
        {
          "type": "OPERATIONAL_NOTE"
        },
        {
          "type": "OPERATIONAL_NOTE"
        },
        {
          "type": "OPERATIONAL_NOTE"
        },
        {
          "type": "OPERATIONAL_NOTE"
        }
      ],
      "flightTime": 315,
      "blockTime": 327,
      "flightInfo": {
        "dossierNumber": null,
        "referenceNumber": null,
        "flightType": null,
        "flightId": 1043365,
        "fplType": "G"
      },
      "crew": [],
      "aircraft": "App E550",
      "distance": 2099.0,
      "postFlightClosed": false,
      "status": "OK"
    }
  ],
  "customer": {
    "internalId": 821944,
    "firstName": "Mariya",
    "lastName": "Besadina",
    "logName": "motiv@airsprint.com",
    "salutation": "unDef",
    "account": {
      "name": "MOTIV Digital",
      "accountid": 162568,
      "notes": "TEST ACCOUNT FOR NEW OWNER APP",
      "accountNumber": "162568",
      "links": []
    },
    "gender": "FEMALE",
    "status": "ACTIVE",
    "links": []
  },
  "comment": "Passengers: Mariya Besadina, Jiasheng Lu, Jem Herrera\n\nGround Transportation:\n  - Leg 1: No\n  - Leg 2: Yes, Type: ARRIVAL | Arrival — Method: SUV_RENTAL_CAR\n\nCatering:\n  - Leg 1: Cookie\n  - Leg 2: No\n\nLeg Notes:\n  - Leg 2: Tea",
  "price": {
    "charterCost": 0.0,
    "gross": 84650.0,
    "net": 84650.0,
    "vat": 0.0,
    "fet": 0.0,
    "tax": 0.0,
    "vatPerc": 0.0,
    "currency": "CAD",
    "exchangeRate": 1
  },
  "status": "B",
  "bookingIdentifier": "FEUQM",
  "bookingid": 3641669,
  "workflow": "PRIVATE",
  "workflowCustomName": "FEX Shared",
  "origin": "WEB",
  "salesPerson": {
    "internalId": 422751,
    "firstName": "Kimberley",
    "lastName": "Atkinson",
    "logName": "katkinson@airsprint.com",
    "salutation": "Mrs",
    "gender": "FEMALE",
    "birthDate": "1986-07-11",
    "birthPlace": "Edmunston",
    "status": "ACTIVE",
    "personnelNumber": "732",
    "links": []
  },
  "createdDate": 1764013280617,
  "bookingDateUTC": "2025-11-24T19:48",
  "postFlightClosed": false,
  "links": []
}