{
  "externalReference": "89b19b59-dbe9-42f0-9be7-e70b5e813b07",
  "aircraft": "App CJ3+",
  "aircraftObj": {
    "tailNumber": "App CJ3+",
    "numberOfSeats": 7,
    "type": "C25A",
    "model": "Citation CJ2",
    "typeName": "Citation CJ3+",
    "homebase": null,
    "equipment": null,
    "wingSpan": 15.138,
    "maxFuel": 0.0,
    "externalLength": 14.529,
    "externalHeight": 4.267,
    "cabinHeight": 1.499,
    "cabinLength": 4.14,
    "cabinWidth": 1.422,
    "category": "LIGHT_JET",
    "keyAccountManager": null,
    "flightNumberToken": "",
    "subcharter": null,
    "cargo": null,
    "ambulance": null,
    "id": 7393,
    "aircraftName": "Citation CJ3+",
    "aocNumber": null,
    "status": "ACTIVE",
    "manufacturingDate": 2015,
    "refurbishedInt": null,
    "refurbished": null,
    "cabinCrew": 0,
    "bedsN": null,
    "beltedToilet": true,
    "ownersApprovalRequired": false
  },
  "legs": [
    {
      "id": "13235194",
      "departureAirport": "CYYC",
      "arrivalAirport": "MROC",
      "arrivalDate": "2025-11-25T21:10",
      "arrivalDateUTC": "2025-11-26T03:10",
      "departureDate": "2025-11-25T12:00",
      "departureDateUTC": "2025-11-25T19:00",
      "pax": 1,
      "workflow": "PRIVATE",
      "departureAirportObj": {
        "icao": "CYYC",
        "iata": "YYC",
        "name": "Calgary International",
        "faa": null,
        "localIdentifier": null,
        "aid": "APT-4MPB-X5XC",
        "id": 14342
      },
      "arrivalAirportObj": {
        "icao": "MROC",
        "iata": "SJO",
        "name": "Juan Santamaría International",
        "faa": null,
        "localIdentifier": null,
        "aid": "APT-00I2-HHG7",
        "id": 21342
      },
      "workflowCustomName": "App Booking",
      "warnings": [
        {
          "type": "OPERATIONAL_NOTE"
        },
        {
          "type": "OPERATIONAL_NOTE"
        },
        {
          "type": "OPERATIONAL_NOTE"
        },
        {
          "type": "OPERATIONAL_NOTE_ALERT"
        },
        {
          "type": "OPERATIONAL_NOTE"
        },
        {
          "type": "OPERATIONAL_NOTE"
        },
        {
          "type": "OPERATIONAL_NOTE_ALERT"
        },
        {
          "type": "OPERATIONAL_NOTE"
        },
        {
          "type": "OPERATIONAL_NOTE"
        },
        {
          "type": "OPERATIONAL_NOTE"
        },
        {
          "type": "OPERATIONAL_NOTE"
        },
        {
          "type": "OPERATIONAL_NOTE"
        },
        {
          "type": "OPERATIONAL_NOTE"
        },
        {
          "type": "OPERATIONAL_NOTE"
        },
        {
          "type": "FUEL_STOP"
        },
        {
          "type": "OPERATIONAL_NOTE"
        },
        {
          "type": "OPERATIONAL_NOTE_ALERT"
        },
        {
          "type": "OPERATIONAL_NOTE"
        },
        {
          "type": "OPERATIONAL_NOTE_ALERT"
        },
        {
          "type": "OPERATIONAL_NOTE_ALERT"
        },
        {
          "type": "OPERATIONAL_NOTE"
        },
        {
          "type": "OPERATIONAL_NOTE_ALERT"
        },
        {
          "type": "OPERATIONAL_NOTE"
        }
      ],
      "flightTime": 478,
      "blockTime": 490,
      "crew": [],
      "aircraft": "App CJ3+",
      "distance": 2871.0,
      "postFlightClosed": false,
      "status": "OK"
    }
  ],
  "customer": {
    "account": {
      "name": "LINDA by Lisa",
      "accountid": 105956,
      "accountNumber": "105956",
      "links": []
    },
    "links": []
  },
  "comment": "Ground Transportation:\n  - Leg 1: No\n\nCatering:\n  - Leg 1: No",
  "price": {
    "charterCost": 0.0,
    "gross": 34200.0,
    "net": 34200.0,
    "vat": 0.0,
    "fet": 0.0,
    "tax": 0.0,
    "vatPerc": 0.0,
    "currency": "CAD",
    "exchangeRate": 1
  },
  "status": "W",
  "bookingIdentifier": "AYUVX",
  "bookingid": 3641649,
  "workflow": "PRIVATE",
  "workflowCustomName": "App Booking",
  "origin": "WEB",
  "salesPerson": {
    "internalId": 395553,
    "firstName": "Carole",
    "lastName": "Erlam",
    "logName": "cerlam@airsprint.com",
    "acronym": "cme",
    "salutation": "Ms",
    "gender": "FEMALE",
    "birthDate": "1969-02-14",
    "birthPlace": "Bathurst",
    "status": "ACTIVE",
    "personnelNumber": "705",
    "weight": 65.7709,
    "links": []
  },
  "createdDate": 1763929451860,
  "postFlightClosed": false,
  "links": []
}