{
  "externalReference": "06f55f47-e278-42db-b49d-8bf056e5fd45",
  "aircraft": "Add EMB West",
  "aircraftObj": {
    "tailNumber": "Add EMB West",
    "numberOfSeats": 9,
    "type": "E545",
    "model": "EMB-545 Legacy 450",
    "typeName": "Embraer",
    "homebase": null,
    "equipment": {
      "v110": true,
      "v230": false,
      "headsets": false,
      "tv": true,
      "cd_dvd": true,
      "wifi": true,
      "satPhone": true,
      "satTV": false,
      "entertainmentSystem": false,
      "lavatory": true,
      "enclosedLavatory": true,
      "coffeePot": true,
      "espresso": false,
      "iceBin": true,
      "microwaveOven": true,
      "warmingOven": false,
      "smokingAllowed": false,
      "petsAllowed": true,
      "baggageVolume": 4.2475,
      "maxWeight": 453.0,
      "standardSuitcases": null,
      "skiTube": false,
      "golfBags": true
    },
    "wingSpan": 20.244,
    "maxFuel": 0.0,
    "externalLength": 19.685,
    "externalHeight": 6.477,
    "cabinHeight": 1.829,
    "cabinLength": 7.315,
    "cabinWidth": 2.083,
    "category": "SUPER_MIDSIZE_JET",
    "keyAccountManager": null,
    "flightNumberToken": "",
    "subcharter": null,
    "cargo": true,
    "ambulance": false,
    "id": 6290,
    "aircraftName": "Embraer",
    "aocNumber": null,
    "status": "ACTIVE",
    "manufacturingDate": 2019,
    "refurbishedInt": null,
    "refurbished": null,
    "cabinCrew": 0,
    "bedsN": null,
    "beltedToilet": null,
    "ownersApprovalRequired": false
  },
  "legs": [
    {
      "id": "13235256",
      "departureAirport": "CYYC",
      "arrivalAirport": "PHOG",
      "arrivalDate": "2025-11-27T15:52",
      "arrivalDateUTC": "2025-11-28T01:52",
      "departureDate": "2025-11-27T12:00",
      "departureDateUTC": "2025-11-27T19:00",
      "pax": 2,
      "workflow": "PRIVATE",
      "departureAirportObj": {
        "icao": "CYYC",
        "iata": "YYC",
        "name": "Calgary International",
        "faa": null,
        "localIdentifier": null,
        "aid": "APT-4MPB-X5XC",
        "id": 14342
      },
      "arrivalAirportObj": {
        "icao": "PHOG",
        "iata": "OGG",
        "name": "Kahului",
        "faa": "OGG",
        "localIdentifier": "OGG",
        "aid": "APT-WIE3-HRDE",
        "id": 22298
      },
      "workflowCustomName": "FEX As Available",
      "warnings": [
        {
          "type": "OPERATIONAL_NOTE"
        },
        {
          "type": "OPERATIONAL_NOTE"
        },
        {
          "type": "OPERATIONAL_NOTE"
        },
        {
          "type": "OPERATIONAL_NOTE"
        },
        {
          "type": "OPERATIONAL_NOTE"
        },
        {
          "type": "OPERATIONAL_NOTE"
        },
        {
          "type": "OPERATIONAL_NOTE"
        },
        {
          "type": "OPERATIONAL_NOTE_ALERT"
        },
        {
          "type": "OPERATIONAL_NOTE"
        },
        {
          "type": "OPERATIONAL_NOTE"
        },
        {
          "type": "OPERATIONAL_NOTE"
        },
        {
          "type": "OPERATIONAL_NOTE"
        },
        {
          "type": "OPERATIONAL_NOTE"
        },
        {
          "type": "OPERATIONAL_NOTE_ALERT"
        },
        {
          "type": "SCHEDULE_OVERLAP"
        },
        {
          "type": "OPERATIONAL_NOTE"
        },
        {
          "type": "OPERATIONAL_NOTE"
        }
      ],
      "flightTime": 400,
      "blockTime": 412,
      "flightInfo": {
        "dossierNumber": null,
        "referenceNumber": null,
        "flightType": null,
        "flightId": 1043375,
        "fplType": "G"
      },
      "crew": [],
      "aircraft": "Add EMB West",
      "distance": 2685.0,
      "postFlightClosed": false,
      "status": "OK"
    },
    {
      "id": "13235257",
      "departureAirport": "PHOG",
      "arrivalAirport": "CYYC",
      "arrivalDate": "2025-12-03T21:52",
      "arrivalDateUTC": "2025-12-04T04:52",
      "departureDate": "2025-12-03T12:00",
      "departureDateUTC": "2025-12-03T22:00",
      "pax": 2,
      "workflow": "PRIVATE",
      "departureAirportObj": {
        "icao": "PHOG",
        "iata": "OGG",
        "name": "Kahului",
        "faa": "OGG",
        "localIdentifier": "OGG",
        "aid": "APT-WIE3-HRDE",
        "id": 22298
      },
      "arrivalAirportObj": {
        "icao": "CYYC",
        "iata": "YYC",
        "name": "Calgary International",
        "faa": null,
        "localIdentifier": null,
        "aid": "APT-4MPB-X5XC",
        "id": 14342
      },
      "workflowCustomName": "FEX As Available",
      "warnings": [
        {
          "type": "OPERATIONAL_NOTE"
        },
        {
          "type": "SCHEDULE_OVERLAP"
        },
        {
          "type": "OPERATIONAL_NOTE"
        },
        {
          "type": "OPERATIONAL_NOTE_ALERT"
        },
        {
          "type": "OPERATIONAL_NOTE"
        },
        {
          "type": "OPERATIONAL_NOTE"
        },
        {
          "type": "OPERATIONAL_NOTE"
        },
        {
          "type": "OPERATIONAL_NOTE"
        },
        {
          "type": "OPERATIONAL_NOTE"
        },
        {
          "type": "OPERATIONAL_NOTE"
        },
        {
          "type": "OPERATIONAL_NOTE"
        },
        {
          "type": "OPERATIONAL_NOTE"
        },
        {
          "type": "OPERATIONAL_NOTE"
        },
        {
          "type": "OPERATIONAL_NOTE"
        },
        {
          "type": "OPERATIONAL_NOTE_ALERT"
        },
        {
          "type": "OPERATIONAL_NOTE"
        },
        {
          "type": "OPERATIONAL_NOTE"
        }
      ],
      "flightTime": 400,
      "blockTime": 412,
      "flightInfo": {
        "dossierNumber": null,
        "referenceNumber": null,
        "flightType": null,
        "flightId": 1043376,
        "fplType": "G"
      },
      "crew": [],
      "aircraft": "Add EMB West",
      "distance": 2685.0,
      "postFlightClosed": false,
      "status": "OK"
    }
  ],
  "customer": {
    "internalId": 395649,
    "firstName": "James",
    "lastName": "Teetzel",
    "logName": "jteetzel@airsprint.com",
    "acronym": "JRT",
    "salutation": "Prof_Dr",
    "account": {
      "name": "JimJets",
      "phone": "+4700026058",
      "mobile": "+4937917804",
      "address": {
        "type": "HOME",
        "street": "Montoyastraße",
        "city": "Port Emilyburgh",
        "zip": "36684",
        "country": "CA",
        "latitude": 0.0,
        "longitude": 0.0,
        "state": "AB",
        "links": []
      },
      "vatNumber": "987654321",
      "accountid": 102244,
      "notes": "Does this appear in the API? Or the DataLake?",
      "accountNumber": "102244",
      "links": []
    },
    "birthDate": "1967-02-05",
    "birthPlace": "",
    "status": "ACTIVE",
    "personnelNumber": "763",
    "weight": 0.0,
    "links": []
  },
  "comment": "Passengers: James Teetzel, Kimberley Atkinson, Elizabeth Carey\n\nGround Transportation:\n  - Leg 1: Yes, Type: ARRIVAL | Arrival — Method: TAXI; Drop-off: Wailea Beach Path, Wailea-Makena, HI, 96753\n  - Leg 2: No\n\nCatering:\n  - Leg 1: mahi mahi\n  - Leg 2: No\n\nLeg Notes:\n  - Leg 1: uber",
  "price": {
    "charterCost": 0.0,
    "gross": 290110.0,
    "net": 290110.0,
    "vat": 0.0,
    "fet": 0.0,
    "tax": 0.0,
    "vatPerc": 0.0,
    "currency": "CAD",
    "exchangeRate": 1
  },
  "quoteNumber": "A-BE25-898701",
  "status": "B",
  "bookingIdentifier": "JANAF",
  "bookingid": 3641675,
  "workflow": "PRIVATE",
  "workflowCustomName": "FEX As Available",
  "origin": "WEB",
  "salesPerson": {
    "internalId": 422751,
    "firstName": "Kimberley",
    "lastName": "Atkinson",
    "logName": "katkinson@airsprint.com",
    "salutation": "Mrs",
    "gender": "FEMALE",
    "birthDate": "1986-07-11",
    "birthPlace": "Edmunston",
    "status": "ACTIVE",
    "personnelNumber": "732",
    "links": []
  },
  "createdDate": 1764020807097,
  "bookingDateUTC": "2025-11-24T22:05",
  "postFlightClosed": false,
  "links": []
}