{
  "externalReference": "ac05df8f-e5b7-4c58-9bd5-2a9cd7b5362f",
  "aircraft": "Add CJ3+ East",
  "aircraftObj": {
    "tailNumber": "Add CJ3+ East",
    "numberOfSeats": 7,
    "type": "C25B",
    "model": "Citation CJ3",
    "typeName": "Citation CJ3+",
    "homebase": null,
    "equipment": {
      "v110": true,
      "v230": false,
      "headsets": false,
      "tv": false,
      "cd_dvd": false,
      "wifi": true,
      "satPhone": true,
      "satTV": false,
      "entertainmentSystem": false,
      "lavatory": true,
      "enclosedLavatory": true,
      "coffeePot": true,
      "espresso": false,
      "iceBin": true,
      "microwaveOven": false,
      "warmingOven": false,
      "smokingAllowed": false,
      "petsAllowed": true,
      "baggageVolume": 1.8406,
      "maxWeight": 408.0,
      "standardSuitcases": null,
      "skiTube": true,
      "golfBags": true
    },
    "wingSpan": 16.256,
    "maxFuel": 0.0,
    "externalLength": 15.596,
    "externalHeight": 4.623,
    "cabinHeight": 1.397,
    "cabinLength": 4.724,
    "cabinWidth": 1.422,
    "category": "LIGHT_JET",
    "keyAccountManager": null,
    "flightNumberToken": "",
    "subcharter": null,
    "cargo": true,
    "ambulance": null,
    "id": 6292,
    "aircraftName": "Citation CJ3+",
    "aocNumber": null,
    "status": "ACTIVE",
    "manufacturingDate": 2020,
    "refurbishedInt": null,
    "refurbished": null,
    "cabinCrew": 0,
    "bedsN": null,
    "beltedToilet": true,
    "ownersApprovalRequired": false
  },
  "legs": [
    {
      "id": "13235385",
      "departureAirport": "KORD",
      "arrivalAirport": "KTEB",
      "arrivalDate": "2025-12-22T16:37",
      "arrivalDateUTC": "2025-12-22T21:37",
      "departureDate": "2025-12-22T13:30",
      "departureDateUTC": "2025-12-22T19:30",
      "pax": 4,
      "workflow": "PRIVATE",
      "departureAirportObj": {
        "icao": "KORD",
        "iata": "ORD",
        "name": "Chicago O'Hare International",
        "faa": "ORD",
        "localIdentifier": "ORD",
        "aid": "APT-6R41-55IC",
        "id": 18945
      },
      "arrivalAirportObj": {
        "icao": "KTEB",
        "iata": "TEB",
        "name": "Teterboro",
        "faa": "TEB",
        "localIdentifier": "TEB",
        "aid": "APT-CQ9K-5CIO",
        "id": 19411
      },
      "workflowCustomName": "FEX Shared",
      "warnings": [
        {
          "type": "OPERATIONAL_NOTE_ALERT"
        },
        {
          "type": "OPERATIONAL_NOTE"
        },
        {
          "type": "OPERATIONAL_NOTE"
        },
        {
          "type": "OPERATIONAL_NOTE_ALERT"
        },
        {
          "type": "SCHEDULE_OVERLAP"
        },
        {
          "type": "OPERATIONAL_NOTE"
        },
        {
          "type": "OPERATIONAL_NOTE"
        },
        {
          "type": "OPERATIONAL_NOTE"
        },
        {
          "type": "OPERATIONAL_NOTE"
        },
        {
          "type": "OPERATIONAL_NOTE"
        },
        {
          "type": "OPERATIONAL_NOTE"
        },
        {
          "type": "SCHEDULE_OVERLAP"
        },
        {
          "type": "OPERATIONAL_NOTE"
        },
        {
          "type": "SCHEDULE_OVERLAP"
        },
        {
          "type": "OPERATIONAL_NOTE"
        }
      ],
      "flightTime": 115,
      "blockTime": 127,
      "flightInfo": {
        "dossierNumber": null,
        "referenceNumber": null,
        "flightType": null,
        "flightId": 1043422,
        "fplType": "G"
      },
      "crew": [],
      "aircraft": "Add CJ3+ East",
      "distance": 626.0,
      "postFlightClosed": false,
      "status": "OK"
    },
    {
      "id": "13235386",
      "departureAirport": "KTEB",
      "arrivalAirport": "KORD",
      "arrivalDate": "2025-12-27T18:37",
      "arrivalDateUTC": "2025-12-28T00:37",
      "departureDate": "2025-12-27T17:30",
      "departureDateUTC": "2025-12-27T22:30",
      "pax": 4,
      "workflow": "PRIVATE",
      "departureAirportObj": {
        "icao": "KTEB",
        "iata": "TEB",
        "name": "Teterboro",
        "faa": "TEB",
        "localIdentifier": "TEB",
        "aid": "APT-CQ9K-5CIO",
        "id": 19411
      },
      "arrivalAirportObj": {
        "icao": "KORD",
        "iata": "ORD",
        "name": "Chicago O'Hare International",
        "faa": "ORD",
        "localIdentifier": "ORD",
        "aid": "APT-6R41-55IC",
        "id": 18945
      },
      "workflowCustomName": "FEX Shared",
      "warnings": [
        {
          "type": "OPERATIONAL_NOTE"
        },
        {
          "type": "OPERATIONAL_NOTE"
        },
        {
          "type": "OPERATIONAL_NOTE"
        },
        {
          "type": "OPERATIONAL_NOTE"
        },
        {
          "type": "OPERATIONAL_NOTE_ALERT"
        },
        {
          "type": "OPERATIONAL_NOTE"
        },
        {
          "type": "OPERATIONAL_NOTE_ALERT"
        },
        {
          "type": "OPERATIONAL_NOTE"
        },
        {
          "type": "OPERATIONAL_NOTE"
        },
        {
          "type": "OPERATIONAL_NOTE"
        },
        {
          "type": "OPERATIONAL_NOTE"
        },
        {
          "type": "OPERATIONAL_NOTE"
        }
      ],
      "flightTime": 115,
      "blockTime": 127,
      "flightInfo": {
        "dossierNumber": null,
        "referenceNumber": null,
        "flightType": null,
        "flightId": 1043423,
        "fplType": "G"
      },
      "crew": [],
      "aircraft": "Add CJ3+ East",
      "distance": 626.0,
      "postFlightClosed": false,
      "status": "OK"
    }
  ],
  "customer": {
    "account": {
      "name": "Airsprint Demo Client",
      "accountid": 104294,
      "notes": "",
      "accountNumber": "104294",
      "links": []
    },
    "links": []
  },
  "comment": "Passengers: Cooper Johanson, Elizabeth Carey, Sawyer Johanson, Sean Johanson\n\nPets: Minnie\n\nGround Transportation:\n  - Leg 1: Yes, Type: ARRIVAL | Arrival — Method: SUV_AND_DRIVER; Drop-off: Brooklyn-Queens Expressway, Queens, NY, 11377\n  - Leg 2: No\n\nCatering:\n  - Leg 1: pizza and pop\n  - Leg 2: Sanwiches",
  "price": {
    "charterCost": 0.0,
    "gross": 14620.0,
    "net": 14620.0,
    "vat": 0.0,
    "fet": 0.0,
    "tax": 0.0,
    "vatPerc": 0.0,
    "currency": "CAD",
    "exchangeRate": 1
  },
  "status": "B",
  "bookingIdentifier": "JESUN",
  "bookingid": 3641711,
  "workflow": "PRIVATE",
  "workflowCustomName": "FEX Shared",
  "origin": "WEB",
  "salesPerson": {
    "internalId": 594220,
    "firstName": "Omar",
    "lastName": "Silva",
    "logName": "SilvaOmar594220",
    "salutation": "Mr",
    "gender": "MALE",
    "status": "ACTIVE",
    "links": []
  },
  "createdDate": 1764265186162,
  "bookingDateUTC": "2025-11-27T18:14",
  "postFlightClosed": false,
  "links": []
}