{
  "externalReference": "09bb88aa-f3ec-4ddc-af73-f40b39c23e9e",
  "aircraft": "Add CJ3+ West",
  "aircraftObj": {
    "tailNumber": "Add CJ3+ West",
    "numberOfSeats": 7,
    "type": "C25B",
    "model": "Citation CJ3",
    "typeName": "Citation CJ3+",
    "homebase": null,
    "equipment": {
      "v110": true,
      "v230": false,
      "headsets": false,
      "tv": false,
      "cd_dvd": false,
      "wifi": true,
      "satPhone": true,
      "satTV": false,
      "entertainmentSystem": false,
      "lavatory": true,
      "enclosedLavatory": true,
      "coffeePot": true,
      "espresso": false,
      "iceBin": true,
      "microwaveOven": false,
      "warmingOven": false,
      "smokingAllowed": false,
      "petsAllowed": true,
      "baggageVolume": 1.8406,
      "maxWeight": 408.0,
      "standardSuitcases": null,
      "skiTube": true,
      "golfBags": true
    },
    "wingSpan": 16.256,
    "maxFuel": 0.0,
    "externalLength": 15.596,
    "externalHeight": 4.623,
    "cabinHeight": 1.397,
    "cabinLength": 4.724,
    "cabinWidth": 1.422,
    "category": "LIGHT_JET",
    "keyAccountManager": null,
    "flightNumberToken": "",
    "subcharter": null,
    "cargo": true,
    "ambulance": null,
    "id": 6293,
    "aircraftName": "Citation CJ3+",
    "aocNumber": null,
    "status": "ACTIVE",
    "manufacturingDate": 2020,
    "refurbishedInt": null,
    "refurbished": null,
    "cabinCrew": 0,
    "bedsN": null,
    "beltedToilet": true,
    "ownersApprovalRequired": false
  },
  "legs": [
    {
      "id": "13235241",
      "departureAirport": "CYBW",
      "arrivalAirport": "CYQK",
      "arrivalDate": "2026-01-10T15:30",
      "arrivalDateUTC": "2026-01-10T21:30",
      "departureDate": "2026-01-10T12:00",
      "departureDateUTC": "2026-01-10T19:00",
      "pax": 3,
      "workflow": "PRIVATE",
      "departureAirportObj": {
        "icao": "CYBW",
        "iata": null,
        "name": "Calgary Springbank",
        "faa": null,
        "localIdentifier": null,
        "aid": "APT-TEZI-BCNK",
        "id": 14049
      },
      "arrivalAirportObj": {
        "icao": "CYQK",
        "iata": "YQK",
        "name": "Kenora",
        "faa": null,
        "localIdentifier": null,
        "aid": "APT-T18F-HGD5",
        "id": 14239
      },
      "workflowCustomName": "FEX Shared",
      "warnings": [
        {
          "type": "OPERATIONAL_NOTE_ALERT"
        },
        {
          "type": "OPERATIONAL_NOTE"
        },
        {
          "type": "OPERATIONAL_NOTE"
        },
        {
          "type": "OPERATIONAL_NOTE_ALERT"
        },
        {
          "type": "OPERATIONAL_NOTE"
        },
        {
          "type": "OPERATIONAL_NOTE"
        },
        {
          "type": "OPERATIONAL_NOTE"
        },
        {
          "type": "OPERATIONAL_NOTE"
        },
        {
          "type": "OPERATIONAL_NOTE_ALERT"
        },
        {
          "type": "OPERATIONAL_NOTE"
        },
        {
          "type": "OPERATIONAL_NOTE"
        }
      ],
      "flightTime": 138,
      "blockTime": 150,
      "flightInfo": {
        "dossierNumber": null,
        "referenceNumber": null,
        "flightType": null,
        "flightId": 1043368,
        "fplType": "G"
      },
      "crew": [],
      "aircraft": "Add CJ3+ West",
      "distance": 767.0,
      "postFlightClosed": false,
      "status": "OK"
    }
  ],
  "customer": {
    "internalId": 395649,
    "firstName": "James",
    "lastName": "Teetzel",
    "logName": "jteetzel@airsprint.com",
    "acronym": "JRT",
    "salutation": "Prof_Dr",
    "account": {
      "name": "JimJets",
      "phone": "+4700026058",
      "mobile": "+4937917804",
      "address": {
        "type": "HOME",
        "street": "Montoyastraße",
        "city": "Port Emilyburgh",
        "zip": "36684",
        "country": "CA",
        "latitude": 0.0,
        "longitude": 0.0,
        "state": "AB",
        "links": []
      },
      "vatNumber": "987654321",
      "accountid": 102244,
      "notes": "Does this appear in the API? Or the DataLake?",
      "accountNumber": "102244",
      "links": []
    },
    "birthDate": "1967-02-05",
    "birthPlace": "",
    "status": "ACTIVE",
    "personnelNumber": "763",
    "weight": 0.0,
    "links": []
  },
  "comment": "Passengers: James Teetzel, Kimberley Atkinson\n\nGround Transportation:\n  - Leg 1: Yes, Type: ARRIVAL | Arrival — Method: SUV_AND_DRIVER; Drop-off: Kenora Avenue, Hamilton, ON, L8E\n\nCatering:\n  - Leg 1: tacos\n\nLeg Notes:\n  - Leg 1: special sauce on taco 🌮",
  "price": {
    "charterCost": 0.0,
    "gross": 7180.0,
    "net": 7180.0,
    "vat": 0.0,
    "fet": 0.0,
    "tax": 0.0,
    "vatPerc": 0.0,
    "currency": "CAD",
    "exchangeRate": 1
  },
  "quoteNumber": "A-BE25-898697",
  "status": "B",
  "bookingIdentifier": "VURAS",
  "bookingid": 3641671,
  "workflow": "PRIVATE",
  "workflowCustomName": "FEX Shared",
  "origin": "WEB",
  "salesPerson": {
    "internalId": 422751,
    "firstName": "Kimberley",
    "lastName": "Atkinson",
    "logName": "katkinson@airsprint.com",
    "salutation": "Mrs",
    "gender": "FEMALE",
    "birthDate": "1986-07-11",
    "birthPlace": "Edmunston",
    "status": "ACTIVE",
    "personnelNumber": "732",
    "links": []
  },
  "createdDate": 1764016557095,
  "bookingDateUTC": "2025-11-24T20:49",
  "postFlightClosed": false,
  "links": []
}